official,matches,wins,draws,losses,roles,years,others_matches,win_pct,others_win_pct,expected_win_pct,delta_vs_expected,scope
Abdelhak Etchiali,1,0,0,1,avar2,2022,14,0.0,36,63.0,-63.0,crew
Abdukhamidullo Rasulov,1,0,0,1,assistant1,2018,10,0.0,40,100.0,-100.0,crew
Abraham Klein,1,0,0,1,referee,1978,18,0.0,39,25.0,-25.0,crew
Adam Kupsik,1,1,0,0,assistant2,2026,2,100.0,0,63.0,37.0,crew
Adolf Prokop,1,0,1,0,assistant2,1978,12,0.0,17,33.0,-33.0,crew
Ahmed Hossam Taha,1,1,0,0,assistant2,2026,2,100.0,50,63.0,37.0,crew
Alan Snoddy,1,0,1,0,assistant1,1986,18,0.0,44,25.0,-25.0,crew
Alberto Warnken,1,1,0,0,assistant2,1930,8,100.0,50,63.0,37.0,crew
Albino Carraro,1,0,0,1,assistant1,1934,2,0.0,50,0.0,0.0,crew
Alejandro Hernández Hernández,2,2,0,0,fourth_official/var,2022/2026,22,100.0,50,52.0,48.0,crew
Alessandro Giallatini,4,4,0,0,assistant2/avar2,2022,6,100.0,50,63.0,37.0,crew
Alessandro Stagnoli,1,1,0,0,assistant2,2006,6,100.0,50,63.0,37.0,crew
Alexey Spirin,1,1,0,0,assistant1,1990,6,100.0,33,0.0,100.0,crew
Alfonso González Archundía,1,0,0,1,assistant2,1978,18,0.0,33,25.0,-25.0,crew
Ali Bin Nasser,1,1,0,0,referee,1986,8,100.0,25,40.0,60.0,crew
Ali Bujsaim,1,0,1,0,referee,2002,24,0.0,46,0.0,0.0,crew
Alireza Faghani,1,0,0,1,referee,2018,32,0.0,44,100.0,-100.0,crew
Alojzy Jarguz,1,0,0,1,assistant2,1982,12,0.0,33,100.0,-100.0,crew
Amin Omar,1,1,0,0,referee,2026,4,100.0,50,63.0,37.0,crew
Andraž Kovačič,1,0,0,1,assistant2,2022,8,0.0,38,63.0,-63.0,crew
Andrea Stefani,3,2,0,1,assistant2,2014,2,67.0,50,50.0,17.0,crew
Antonio Mateu Lahoz,1,1,0,0,referee,2022,14,100.0,43,40.0,60.0,crew
Antonio Márquez Ramírez,2,1,1,0,assistant2/referee,1986,4,50.0,50,38.0,12.0,crew
António Garrido,1,1,0,0,referee,1978,12,100.0,50,50.0,50.0,crew
Aristidis Chris Soldatos,1,1,0,0,assistant1,1998,4,100.0,25,50.0,50.0,crew
Armando Pérez Hoyos,1,0,0,1,assistant1,1990,10,0.0,50,33.0,-33.0,crew
Armando Villarreal,1,1,0,0,var,2026,44,100.0,41,63.0,37.0,crew
Arthur Edward Ellis,1,0,0,1,referee,1958,22,0.0,45,63.0,-63.0,crew
Arturo Angeles,1,1,0,0,referee,1994,6,100.0,50,100.0,0.0,crew
Arturo Brizio Carter,1,0,0,1,referee,1998,16,0.0,44,60.0,-60.0,crew
Arturo Yamasaki Maldonado,2,1,1,0,assistant1/referee,1962/1966,10,50.0,50,82.0,-32.0,crew
Augusto Lamo Castillo,1,1,0,0,assistant1,1982,2,100.0,50,63.0,37.0,crew
Bahattin Duran,2,2,0,0,assistant1,2014/2018,8,100.0,25,70.0,30.0,crew
Bakhadyr Kochkarov,2,1,0,1,assistant2,2010,10,50.0,30,50.0,0.0,crew
Bastian Dankert,3,1,0,2,avar1,2018/2022,60,33.0,43,71.0,-38.0,crew
Belaïd Lacarne,3,2,0,1,assistant2/referee,1982,6,67.0,17,46.0,21.0,crew
Ben Williams,1,1,0,0,fourth_official,2014,6,100.0,50,50.0,50.0,crew
Benoît Millot,1,1,0,0,avar3,2022,10,100.0,40,63.0,37.0,crew
Berny Ulloa Morera,4,3,1,0,assistant1/assistant2/referee,1986/1990,12,75.0,50,22.0,53.0,crew
Bertil Lööw,1,0,1,0,assistant2,1966,6,0.0,17,33.0,-33.0,crew
Björn Kuipers,1,1,0,0,fourth_official,2018,20,100.0,45,100.0,0.0,crew
Bo Karlsson,1,1,0,0,referee,1994,4,100.0,25,100.0,0.0,crew
Bobby Davidson,2,0,0,2,assistant1/referee,1974,20,0.0,40,80.0,-80.0,crew
Bogdan Dotchev,1,1,0,0,assistant1,1986,16,100.0,31,40.0,60.0,crew
Bram Van Driessche,2,2,0,0,avar2/var,2026,14,100.0,50,63.0,37.0,crew
Brian Hall,1,0,0,1,fourth_official,2002,6,0.0,33,60.0,-60.0,crew
Bruno Galler,1,0,0,1,assistant1,1982,6,0.0,33,25.0,-25.0,crew
Bruno Jesus,1,1,0,0,assistant1,2026,4,100.0,50,100.0,0.0,crew
Buergo,1,1,0,0,assistant2,1962,4,100.0,50,50.0,50.0,crew
Bulnes,1,0,1,0,assistant2,1962,2,0.0,0,100.0,-100.0,crew
Campbell-Kirk Kawana-Waugh,1,1,0,0,fourth_official,2026,10,100.0,30,63.0,37.0,crew
Carlo Longhi,1,0,1,0,assistant2,1990,0,0.0,-1,0.0,0.0,crew
Carlos Astroza,1,0,0,1,avar2,2018,38,0.0,45,100.0,-100.0,crew
Carlos Chandía,1,0,1,0,fourth_official,2006,12,0.0,33,60.0,-60.0,crew
Carlos Silva Valente,3,2,1,0,assistant1/referee,1986/1990,12,67.0,42,17.0,50.0,crew
Carlos Vera,1,0,0,1,fourth_official,2014,8,0.0,38,0.0,0.0,crew
Ciro Carbone,2,2,0,0,assistant1,2022,8,100.0,50,75.0,25.0,crew
Clive Thomas,2,0,1,1,assistant1/referee,1974,10,0.0,30,82.0,-82.0,crew
Constantin Rădulescu,2,2,0,0,assistant2,1930,0,100.0,-1,83.0,17.0,crew
Corey Parker,1,1,0,0,assistant1,2026,16,100.0,44,40.0,60.0,crew
Corey Rockwell,1,0,0,1,avar2,2018,4,0.0,50,100.0,-100.0,crew
Cristiano Copelli,1,1,0,0,assistant1,2006,6,100.0,50,63.0,37.0,crew
Cyril Mugnier,1,1,0,0,assistant1,2026,4,100.0,25,63.0,37.0,crew
César Guerrero Orosco,1,1,0,0,assistant1,1978,4,100.0,25,67.0,33.0,crew
Cüneyt Çakır,2,2,0,0,referee,2014/2018,10,100.0,30,70.0,30.0,crew
Dahane Beida,1,1,0,0,fourth_official,2026,6,100.0,33,63.0,37.0,crew
Dalibor Đurđević,1,1,0,0,assistant2,2014,8,100.0,50,63.0,37.0,crew
Daniel Wärnmark,1,1,0,0,assistant2,2014,4,100.0,50,100.0,0.0,crew
Daniele Orsato,3,3,0,0,referee/var,2018/2022,30,100.0,47,83.0,17.0,crew
Danny Makkelie,2,1,0,1,avar3/referee,2018/2022,44,50.0,45,75.0,-25.0,crew
Dennis Higler,1,1,0,0,avar1,2026,20,100.0,40,63.0,37.0,crew
Dimitar Rumenchev,1,1,0,0,referee,1966,8,100.0,38,63.0,37.0,crew
Djamel Haimoudi,1,1,0,0,fourth_official,2014,8,100.0,38,63.0,37.0,crew
Domenico Ramicone,1,0,0,1,assistant1,1994,4,0.0,50,0.0,0.0,crew
Drew Fischer,3,3,0,0,avar1/fourth_official/referee,2022/2026,28,100.0,46,68.0,32.0,crew
Eddie Foley,1,1,0,0,assistant2,1998,4,100.0,0,63.0,37.0,crew
Edgardo Codesal,1,0,0,1,referee,1990,14,0.0,29,33.0,-33.0,crew
El Jilali Rharib,1,0,0,1,assistant2,1994,6,0.0,50,100.0,-100.0,crew
Elias Salinas Rostran,1,0,0,1,assistant2,1998,6,0.0,33,60.0,-60.0,crew
Epifanio González,1,0,0,1,fourth_official,1998,10,0.0,30,60.0,-60.0,crew
Erich Linemayr,2,1,1,0,assistant1/assistant2,1978,12,50.0,42,37.0,13.0,crew
Erik Fredriksson,2,2,0,0,assistant1/referee,1986/1990,18,100.0,22,32.0,68.0,crew
Espen Eskås,1,1,0,0,fourth_official,2026,6,100.0,33,63.0,37.0,crew
Essam Abd El Fatah,1,1,0,0,fourth_official,2006,8,100.0,38,63.0,37.0,crew
Eugen Braun,1,0,0,1,referee,1934,0,0.0,-1,0.0,0.0,crew
Fedayi San,1,1,0,0,avar1,2026,14,100.0,43,63.0,37.0,crew
Felix Zwayer,1,0,0,1,var,2018,36,0.0,44,100.0,-100.0,crew
Ferdinand Biwersi,1,1,0,0,assistant1,1978,8,100.0,50,63.0,37.0,crew
Ferencz Tunyogi,1,1,0,0,assistant2,2026,2,100.0,50,63.0,37.0,crew
Fernando Guerrero,1,1,0,0,avar3,2022,18,100.0,44,67.0,33.0,crew
Francesco Buragina,1,1,0,0,assistant1,2006,6,100.0,33,100.0,0.0,crew
Francis Rion,1,0,0,1,assistant1,1978,4,0.0,50,25.0,-25.0,crew
Frank De Bleeckere,2,2,0,0,referee,2006/2010,14,100.0,43,82.0,18.0,crew
François Letexier,1,1,0,0,referee,2026,2,100.0,0,63.0,37.0,crew
Fritz Seipelt,1,0,0,1,assistant2,1958,10,0.0,40,63.0,-63.0,crew
Frédéric Arnault,1,1,0,0,assistant1,2002,6,100.0,50,100.0,0.0,crew
Gabriel González,1,1,0,0,assistant1,1986,4,100.0,25,100.0,0.0,crew
Gaspar Vallejo,1,1,0,0,assistant1,1930,2,100.0,50,63.0,37.0,crew
Gastón Castro,1,0,0,1,assistant1,1982,8,0.0,50,33.0,-33.0,crew
Gennaro Mazzei,1,1,0,0,assistant2,1998,4,100.0,25,63.0,37.0,crew
George Courtney,1,1,0,0,assistant2,1986,16,100.0,44,0.0,100.0,crew
Gery Vargas,1,0,1,0,avar3,2018,14,0.0,43,63.0,-63.0,crew
Gilberto Aristizábal,1,0,0,1,assistant2,1982,10,0.0,50,33.0,-33.0,crew
Gilberto de Almeida Rêgo,1,1,0,0,referee,1930,8,100.0,50,67.0,33.0,crew
Gilles Veissière,1,1,0,0,referee,2002,8,100.0,38,100.0,0.0,crew
Gottfried Dienst,1,0,0,1,assistant1,1966,16,0.0,44,60.0,-60.0,crew
Gualberto Alonso,1,1,0,0,assistant1,1930,0,100.0,-1,100.0,0.0,crew
Guillermo Pacheco,1,1,0,0,var,2026,20,100.0,40,100.0,0.0,crew
Halim Abdul Hamid,1,1,0,0,assistant1,1998,6,100.0,17,40.0,60.0,crew
Heiner Müller,2,1,1,0,assistant1/assistant2,2002,4,50.0,50,50.0,0.0,crew
Heinz Aldinger,1,0,0,1,assistant2,1974,2,0.0,50,100.0,-100.0,crew
Helge,2,1,0,1,assistant1/assistant2,1958,4,50.0,25,48.0,2.0,crew
Henri Christophe,2,1,0,1,assistant1,1930,6,50.0,50,82.0,-32.0,crew
Hessel Steegstra,1,1,0,0,assistant1,2022,8,100.0,38,50.0,50.0,crew
Héctor Vergara,1,0,0,1,assistant1,2002,26,0.0,35,60.0,-60.0,crew
Ismail Elfath,2,2,0,0,fourth_official/referee,2022/2026,12,100.0,42,53.0,47.0,crew
István Kovács,2,2,0,0,fourth_official/referee,2022/2026,16,100.0,31,82.0,18.0,crew
István Zsolt,2,1,0,1,assistant2,1966,20,50.0,30,80.0,-30.0,crew
Ivan Bebek,1,1,0,0,avar1,2026,20,100.0,40,63.0,37.0,crew
Jack Taylor,2,0,1,1,assistant2/referee,1974,14,0.0,36,48.0,-48.0,crew
Jafar Namdar,1,1,0,0,assistant1,1978,10,100.0,30,50.0,50.0,crew
Jakhongir Saidov,1,0,0,1,assistant2,2018,2,0.0,0,100.0,-100.0,crew
Jamal Al Sharif,1,1,0,0,assistant2,1990,16,100.0,44,63.0,37.0,crew
Jan Dolstra,1,1,0,0,assistant2,1994,8,100.0,50,100.0,0.0,crew
Jan Keizer,1,0,1,0,referee,1986,6,0.0,50,25.0,-25.0,crew
Jan de Vries,1,1,0,0,assistant2,2022,8,100.0,38,50.0,50.0,crew
Jan-Hendrik Salver,1,1,0,0,assistant1,2010,10,100.0,50,100.0,0.0,crew
Jean Dubach,1,1,0,0,referee,1978,4,100.0,50,67.0,33.0,crew
Jerome Damon,3,2,0,1,fourth_official,2010,20,67.0,45,67.0,0.0,crew
Jesús Díaz,1,1,0,0,assistant2,1986,8,100.0,38,100.0,0.0,crew
Joaquim Campos,3,2,1,0,assistant1/referee,1958/1966,12,67.0,33,65.0,2.0,crew
Joe Fletcher,1,0,1,0,avar2,2018,22,0.0,45,63.0,-63.0,crew
Joel Aguilar,1,1,0,0,referee,2014,20,100.0,30,63.0,37.0,crew
John Langenus,3,2,0,1,referee,1930,12,67.0,42,75.0,-8.0,crew
Jonas Eriksson,2,2,0,0,fourth_official/referee,2014,6,100.0,50,70.0,30.0,crew
José Luis Martínez Bazán,1,1,0,0,assistant1,1986,6,100.0,33,50.0,50.0,crew
José Roberto Wright,1,1,0,0,assistant1,1990,8,100.0,50,63.0,37.0,crew
João Pinheiro,1,1,0,0,referee,2026,6,100.0,50,100.0,0.0,crew
Joël Quiniou,1,1,0,0,referee,1990,24,100.0,38,0.0,100.0,crew
Juan Garay Gardeazábal,2,1,1,0,assistant1/referee,1962,22,50.0,45,75.0,-25.0,crew
Juan Lara,2,2,0,0,avar1,2026,22,100.0,50,70.0,30.0,crew
Juan Soto,3,3,0,0,avar1/avar3,2022,40,100.0,38,56.0,44.0,crew
Juan Zumba,1,1,0,0,assistant2,2014,6,100.0,33,63.0,37.0,crew
Julio Bascuñán,2,1,0,1,avar3/fourth_official,2018/2022,28,50.0,43,70.0,-20.0,crew
Jérôme Brisard,2,2,0,0,avar3/var,2022/2026,28,100.0,32,82.0,18.0,crew
Kathryn Nesbitt,2,2,0,0,avar2,2022,16,100.0,44,50.0,50.0,crew
Katia García,1,1,0,0,fourth_official,2026,0,100.0,-1,63.0,37.0,crew
Khalil Al Ghamdi,2,2,0,0,fourth_official,2006/2010,16,100.0,38,100.0,0.0,crew
Khamis Al-Marri,1,1,0,0,var,2026,18,100.0,39,63.0,37.0,crew
Kim Milton Nielsen,1,1,0,0,referee,1998,14,100.0,29,40.0,60.0,crew
Konstantin Zečević,2,1,1,0,assistant2/referee,1966,2,50.0,50,48.0,2.0,crew
Kurt Röthlisberger,1,1,0,0,referee,1990,18,100.0,44,63.0,37.0,crew
Kurt Tschenscher,1,0,0,1,assistant1,1974,18,0.0,22,60.0,-60.0,crew
Kyle Atkins,2,2,0,0,assistant2/avar2,2022/2026,18,100.0,44,53.0,47.0,crew
Károly Palotai,2,0,1,1,assistant1/referee,1978/1982,20,0.0,35,67.0,-67.0,crew
Leslie Mottram,1,1,0,0,fourth_official,1994,8,100.0,25,100.0,0.0,crew
Lim Kee Chong,2,1,0,1,fourth_official,1994/1998,10,50.0,50,75.0,-25.0,crew
Luc Matthys,2,1,0,1,assistant2,1994,8,50.0,25,50.0,0.0,crew
Luciano Maia,1,1,0,0,assistant2,2026,4,100.0,50,100.0,0.0,crew
Luigi Agnolin,1,1,0,0,referee,1986,10,100.0,50,0.0,100.0,crew
Luis Barrancos,1,1,0,0,referee,1982,2,100.0,0,63.0,37.0,crew
Luis Medina Cantalejo,1,0,1,0,referee,2006,8,0.0,50,60.0,-60.0,crew
Lyes Arfa,1,1,0,0,assistant2,2026,4,100.0,50,63.0,37.0,crew
Maguette Ndiaye,1,0,0,1,fourth_official,2022,10,0.0,50,63.0,-63.0,crew
Mahmoud Abouregal,1,1,0,0,assistant1,2026,2,100.0,50,63.0,37.0,crew
Mahmoud Ashour,1,1,0,0,avar1,2026,12,100.0,42,63.0,37.0,crew
Mahmoud Mustafa Kamel,2,1,1,0,assistant1/assistant2,1974,2,50.0,50,63.0,-13.0,crew
Marc Van den Broeck,1,1,0,0,assistant1,1998,8,100.0,38,63.0,37.0,crew
Marco Di Bello,3,3,0,0,avar2/var,2026,20,100.0,35,68.0,32.0,crew
Marco Fritz,1,1,0,0,avar1,2022,8,100.0,38,63.0,37.0,crew
Mario Escobar,1,1,0,0,fourth_official,2022,2,100.0,50,63.0,37.0,crew
Mario Rubio Vázquez,1,0,0,1,referee,1982,8,0.0,25,33.0,-33.0,crew
Mario van der Ende,2,2,0,0,fourth_official/referee,1994/1998,10,100.0,50,82.0,18.0,crew
Mark Geiger,1,0,1,0,var,2018,30,0.0,47,63.0,-63.0,crew
Markus Merk,1,1,0,0,fourth_official,2002,12,100.0,50,100.0,0.0,crew
Martin Balko,1,0,0,1,assistant2,2006,6,0.0,50,0.0,0.0,crew
Massimiliano Irrati,4,3,0,1,avar3/var,2018/2022,44,75.0,41,88.0,-13.0,crew
Massimo Busacca,2,1,0,1,fourth_official/referee,2006,8,50.0,38,50.0,0.0,crew
Mathias Klasenius,1,1,0,0,assistant1,2014,4,100.0,50,100.0,0.0,crew
Matthias Arnet,1,1,0,0,assistant2,2006,6,100.0,33,100.0,0.0,crew
Maurizio Mariani,1,1,0,0,fourth_official,2026,6,100.0,33,40.0,60.0,crew
Mehdi Rahmouni,1,1,0,0,assistant2,2026,4,100.0,25,63.0,37.0,crew
Michael Ragoonath,1,0,1,0,assistant2,2002,6,0.0,50,0.0,0.0,crew
Michał Listkiewicz,3,1,0,2,assistant1/assistant2,1990,16,33.0,50,32.0,1.0,crew
Micheal Barwegen,1,1,0,0,assistant1,2026,4,100.0,50,63.0,37.0,crew
Michel Vautrot,3,2,0,1,assistant1/referee,1982/1990,12,67.0,25,38.0,29.0,crew
Mihai Marius Marica,1,1,0,0,assistant1,2026,2,100.0,50,63.0,37.0,crew
Mikael Erik Everstig,1,1,0,0,assistant1,1994,6,100.0,33,100.0,0.0,crew
Mikael Nilsson,1,1,0,0,assistant1,1998,6,100.0,50,63.0,37.0,crew
Mike Pickel,1,1,0,0,assistant2,2010,4,100.0,50,100.0,0.0,crew
Milorad Mažić,1,1,0,0,referee,2014,12,100.0,50,63.0,37.0,crew
Milovan Ristić,1,1,0,0,assistant1,2014,8,100.0,50,63.0,37.0,crew
Mohamed Al Musawi,1,1,0,0,assistant2,1998,8,100.0,38,40.0,60.0,crew
Mohamed Hansal,1,1,0,0,assistant2,1990,6,100.0,17,63.0,37.0,crew
Mohamed Mansri,1,1,0,0,assistant2,1998,8,100.0,38,50.0,50.0,crew
Mohamed Saeed,1,0,0,1,assistant2,2002,6,0.0,50,60.0,-60.0,crew
Mohammadreza Mansouri,1,0,0,1,assistant2,2018,10,0.0,50,100.0,-100.0,crew
Mohammed Abdulla Hassan Mohamed,1,1,0,0,fourth_official,2022,14,100.0,36,50.0,50.0,crew
Mohammed Khadim,1,1,0,0,avar2,2026,0,100.0,-1,63.0,37.0,crew
Morgan,2,1,0,1,assistant1,1962,2,50.0,0,55.0,-5.0,crew
Neji Jouini,2,1,0,1,assistant1/referee,1990/1994,12,50.0,50,82.0,-32.0,crew
Nicola Rizzoli,3,2,0,1,referee,2014,2,67.0,50,50.0,17.0,crew
Nicolae Rainea,3,1,1,1,assistant2/referee,1974/1982,20,33.0,30,33.0,0.0,crew
Nikolay Latyshev,1,0,0,1,referee,1962,18,0.0,39,60.0,-60.0,crew
Norbert Hauata,2,1,0,1,fourth_official,2014/2018,16,50.0,38,82.0,-32.0,crew
Owen Powell,1,0,0,1,assistant1,1998,8,0.0,25,60.0,-60.0,crew
Pablo Sánchez Ibáñez,1,1,0,0,referee,1974,4,100.0,50,63.0,37.0,crew
Paolo Calcagno,1,1,0,0,assistant1,2010,2,100.0,0,100.0,0.0,crew
Paolo Valeri,3,2,0,1,avar1/avar3,2018/2022,40,67.0,32,83.0,-16.0,crew
Park Hae-young,1,1,0,0,assistant1,1994,10,100.0,40,100.0,0.0,crew
Pat Partridge,1,1,0,0,assistant1,1978,4,100.0,50,50.0,50.0,crew
Pau Cebrián Devís,1,1,0,0,assistant1,2022,12,100.0,42,40.0,60.0,crew
Pavel Kazakov,2,0,1,1,assistant2/referee,1974,4,0.0,50,42.0,-42.0,crew
Paweł Gil,3,1,1,1,avar1,2018,26,33.0,50,88.0,-55.0,crew
Paweł Sokolnicki,4,3,1,0,assistant1/avar2,2018/2022,10,75.0,50,73.0,2.0,crew
Pedro Medina Hernández,1,0,1,0,assistant2,2006,6,0.0,50,60.0,-60.0,crew
Peter Hermans,2,2,0,0,assistant1,2006/2010,10,100.0,40,82.0,18.0,crew
Peter Mikkelsen,1,1,0,0,assistant2,1990,18,100.0,44,0.0,100.0,crew
Peter O'Leary,1,1,0,0,fourth_official,2010,14,100.0,43,100.0,0.0,crew
Peter Prendergast,1,0,1,0,fourth_official,2002,6,0.0,33,0.0,0.0,crew
Pierluigi Collina,2,1,0,1,fourth_official/referee,1998/2002,12,50.0,42,62.0,-12.0,crew
Pierluigi Pairetto,2,1,0,1,assistant2/referee,1990/1994,2,50.0,50,0.0,50.0,crew
Pol van Boekel,2,1,0,1,var,2022,14,50.0,43,57.0,-7.0,crew
Rafael Ilyasov,2,1,0,1,assistant1,2010,6,50.0,17,50.0,0.0,crew
Ramón Barreto Ruíz,1,1,0,0,assistant1,1978,20,100.0,45,40.0,60.0,crew
Ravshan Irmatov,3,1,0,2,referee,2010/2018,18,33.0,28,67.0,-34.0,crew
Reginald Leafe,2,0,0,2,assistant1/referee,1958,10,0.0,40,48.0,-48.0,crew
Reginato,1,0,0,1,assistant2,1962,2,0.0,0,60.0,-60.0,crew
Renato Faverani,3,2,0,1,assistant1,2014,2,67.0,50,50.0,17.0,crew
Reza Sokhandan,1,0,0,1,assistant1,2018,6,0.0,50,100.0,-100.0,crew
Ricardo de Burgos Bengoetxea,1,0,0,1,avar3,2022,10,0.0,50,63.0,-63.0,crew
Robert Wurtz,1,1,0,0,referee,1978,4,100.0,50,63.0,37.0,crew
Roberto Díaz Pérez del Palomar,2,2,0,0,assistant2/avar2,2022,8,100.0,50,70.0,30.0,crew
Roberto Rosetti,2,2,0,0,referee,2006/2010,12,100.0,42,82.0,18.0,crew
Roman Slysko,1,0,0,1,assistant1,2006,6,0.0,50,0.0,0.0,crew
Romualdo Arppi Filho,2,2,0,0,assistant2/referee,1986,6,100.0,33,25.0,75.0,crew
Rudi Glöckner,1,0,1,0,assistant1,1974,12,0.0,33,25.0,-25.0,crew
Rudolf Kreitlein,1,0,0,1,referee,1966,4,0.0,50,60.0,-60.0,crew
Rune Pedersen,2,2,0,0,fourth_official/referee,1998,6,100.0,33,52.0,48.0,crew
Ryszard Wójcik,1,1,0,0,fourth_official,1998,4,100.0,50,63.0,37.0,crew
Rómulo Méndez,1,1,0,0,assistant2,1986,14,100.0,36,50.0,50.0,crew
Said Belqola,1,1,0,0,referee,1998,8,100.0,50,50.0,50.0,crew
Saíd Martínez,1,1,0,0,fourth_official,2022,26,100.0,31,50.0,50.0,crew
Sergio Gonella,2,2,0,0,assistant2/referee,1978,4,100.0,25,52.0,48.0,crew
Slavko Vinčić,1,0,0,1,referee,2022,10,0.0,40,63.0,-63.0,crew
Stefano Ayroldi,1,1,0,0,assistant2,2010,2,100.0,0,100.0,0.0,crew
Sten Ahlner,2,1,0,1,assistant2/referee,1958,4,50.0,25,48.0,2.0,crew
Svein Oddvar Moen,2,2,0,0,fourth_official,2014,14,100.0,43,100.0,0.0,crew
Szymon Marciniak,4,3,1,0,referee,2018/2022/2026,14,75.0,36,64.0,11.0,crew
Tapio Yli-Karro,1,0,0,1,assistant1,1994,6,0.0,50,100.0,-100.0,crew
Tarık Ongun,2,2,0,0,assistant2,2014/2018,8,100.0,25,70.0,30.0,crew
Tatiana Guzmán,3,3,0,0,avar2,2026,20,100.0,40,55.0,45.0,crew
Tesfaye,1,1,0,0,assistant2,1978,4,100.0,50,50.0,50.0,crew
Tofiq Bahramov,1,1,0,0,assistant1,1966,12,100.0,33,100.0,0.0,crew
Tomasz Kwiatkowski,3,3,0,0,var,2022/2026,30,100.0,37,64.0,36.0,crew
Tomasz Listkiewicz,4,3,1,0,assistant1/assistant2,2018/2022/2026,8,75.0,38,64.0,11.0,crew
Tomaž Klančnik,1,0,0,1,assistant1,2022,8,0.0,38,63.0,-63.0,crew
Turbiani,1,0,0,1,assistant2,1934,0,0.0,-1,0.0,0.0,crew
Ulf Eriksson,1,1,0,0,referee,1978,4,100.0,50,50.0,50.0,crew
Ulises Saucedo,4,3,0,1,assistant1/assistant2/referee,1930,4,75.0,50,82.0,-7.0,crew
Victor Gomes,1,1,0,0,fourth_official,2022,4,100.0,50,40.0,60.0,crew
Victoriano Giráldez Carrasco,1,0,1,0,assistant1,2006,6,0.0,50,60.0,-60.0,crew
Victoriano Sánchez Arminio,1,1,0,0,referee,1986,6,100.0,33,100.0,0.0,crew
Vincent Mauro,1,0,0,1,assistant1,1990,10,0.0,50,63.0,-63.0,crew
Vital Loraux,1,0,0,1,referee,1974,12,0.0,33,33.0,-33.0,crew
Vojtěch Christov,1,0,0,1,referee,1982,16,0.0,44,100.0,-100.0,crew
Walter Vromans,2,2,0,0,assistant2,2006/2010,10,100.0,40,82.0,18.0,crew
Werner Winsemann,1,1,0,0,assistant2,1978,12,100.0,42,67.0,33.0,crew
William Torres,1,1,0,0,assistant1,2014,2,100.0,0,63.0,37.0,crew
Willy Delajod,1,1,0,0,avar1,2026,18,100.0,28,63.0,37.0,crew
Wilmar Roldán,1,0,1,0,fourth_official,2018,12,0.0,42,63.0,-63.0,crew
Wolfgang Stark,1,1,0,0,referee,2010,6,100.0,50,100.0,0.0,crew
Youssou N'Diaye,3,2,0,1,assistant1/assistant2,1974/1978,8,67.0,38,49.0,18.0,crew
Éric Poulat,1,1,0,0,fourth_official,2006,8,100.0,50,63.0,37.0,crew
Ľuboš Micheľ,1,0,0,1,referee,2006,14,0.0,43,0.0,0.0,crew
Abraham Klein,1,0,0,1,referee,1978,8,0.0,50,25.0,-25.0,referee
Ali Bin Nasser,1,1,0,0,referee,1986,2,100.0,50,40.0,60.0,referee
Ali Bujsaim,1,0,1,0,referee,2002,12,0.0,50,0.0,0.0,referee
Alireza Faghani,1,0,0,1,referee,2018,16,0.0,44,100.0,-100.0,referee
Amin Omar,1,1,0,0,referee,2026,2,100.0,50,63.0,37.0,referee
Antonio Mateu Lahoz,1,1,0,0,referee,2022,8,100.0,38,40.0,60.0,referee
Antonio Márquez Ramírez,1,1,0,0,referee,1986,2,100.0,50,50.0,50.0,referee
António Garrido,1,1,0,0,referee,1978,4,100.0,50,50.0,50.0,referee
Arthur Edward Ellis,1,0,0,1,referee,1958,10,0.0,40,63.0,-63.0,referee
Arturo Angeles,1,1,0,0,referee,1994,0,100.0,-1,100.0,0.0,referee
Arturo Brizio Carter,1,0,0,1,referee,1998,10,0.0,50,60.0,-60.0,referee
Arturo Yamasaki Maldonado,1,0,1,0,referee,1962,8,0.0,50,100.0,-100.0,referee
Belaïd Lacarne,1,1,0,0,referee,1982,0,100.0,-1,50.0,50.0,referee
Berny Ulloa Morera,1,1,0,0,referee,1986,0,100.0,-1,50.0,50.0,referee
Bo Karlsson,1,1,0,0,referee,1994,0,100.0,-1,100.0,0.0,referee
Bobby Davidson,1,0,0,1,referee,1974,6,0.0,33,60.0,-60.0,referee
Carlos Silva Valente,1,0,1,0,referee,1990,4,0.0,50,0.0,0.0,referee
Clive Thomas,1,0,0,1,referee,1974,4,0.0,25,100.0,-100.0,referee
Cüneyt Çakır,2,2,0,0,referee,2014/2018,8,100.0,25,70.0,30.0,referee
Daniele Orsato,2,2,0,0,referee,2022,2,100.0,50,75.0,25.0,referee
Danny Makkelie,1,1,0,0,referee,2022,8,100.0,38,50.0,50.0,referee
Dimitar Rumenchev,1,1,0,0,referee,1966,0,100.0,-1,63.0,37.0,referee
Drew Fischer,1,1,0,0,referee,2026,4,100.0,50,63.0,37.0,referee
Edgardo Codesal,1,0,0,1,referee,1990,4,0.0,50,33.0,-33.0,referee
Erik Fredriksson,1,1,0,0,referee,1990,6,100.0,17,63.0,37.0,referee
Eugen Braun,1,0,0,1,referee,1934,0,0.0,-1,0.0,0.0,referee
Frank De Bleeckere,2,2,0,0,referee,2006/2010,10,100.0,40,82.0,18.0,referee
François Letexier,1,1,0,0,referee,2026,2,100.0,0,63.0,37.0,referee
Gilberto de Almeida Rêgo,1,1,0,0,referee,1930,4,100.0,50,67.0,33.0,referee
Gilles Veissière,1,1,0,0,referee,2002,2,100.0,50,100.0,0.0,referee
Ismail Elfath,1,1,0,0,referee,2026,12,100.0,42,40.0,60.0,referee
István Kovács,1,1,0,0,referee,2026,2,100.0,50,63.0,37.0,referee
Jack Taylor,1,0,1,0,referee,1974,6,0.0,33,63.0,-63.0,referee
Jan Keizer,1,0,1,0,referee,1986,2,0.0,50,25.0,-25.0,referee
Jean Dubach,1,1,0,0,referee,1978,0,100.0,-1,67.0,33.0,referee
Joaquim Campos,1,1,0,0,referee,1966,2,100.0,0,100.0,0.0,referee
Joel Aguilar,1,1,0,0,referee,2014,4,100.0,25,63.0,37.0,referee
John Langenus,3,2,0,1,referee,1930,8,67.0,38,75.0,-8.0,referee
Jonas Eriksson,1,1,0,0,referee,2014,4,100.0,50,100.0,0.0,referee
João Pinheiro,1,1,0,0,referee,2026,4,100.0,50,100.0,0.0,referee
Joël Quiniou,1,1,0,0,referee,1990,14,100.0,43,0.0,100.0,referee
Juan Garay Gardeazábal,1,1,0,0,referee,1962,12,100.0,50,50.0,50.0,referee
Kim Milton Nielsen,1,1,0,0,referee,1998,8,100.0,25,40.0,60.0,referee
Konstantin Zečević,1,0,1,0,referee,1966,0,0.0,-1,33.0,-33.0,referee
Kurt Röthlisberger,1,1,0,0,referee,1990,8,100.0,50,63.0,37.0,referee
Károly Palotai,1,0,1,0,referee,1978,6,0.0,50,33.0,-33.0,referee
Luigi Agnolin,1,1,0,0,referee,1986,6,100.0,50,0.0,100.0,referee
Luis Barrancos,1,1,0,0,referee,1982,0,100.0,-1,63.0,37.0,referee
Luis Medina Cantalejo,1,0,1,0,referee,2006,6,0.0,50,60.0,-60.0,referee
Mario Rubio Vázquez,1,0,0,1,referee,1982,2,0.0,50,33.0,-33.0,referee
Mario van der Ende,1,1,0,0,referee,1998,8,100.0,50,63.0,37.0,referee
Massimo Busacca,1,1,0,0,referee,2006,6,100.0,33,100.0,0.0,referee
Michel Vautrot,2,1,0,1,referee,1990,6,50.0,17,32.0,18.0,referee
Milorad Mažić,1,1,0,0,referee,2014,8,100.0,50,63.0,37.0,referee
Neji Jouini,1,0,0,1,referee,1994,4,0.0,50,100.0,-100.0,referee
Nicola Rizzoli,3,2,0,1,referee,2014,2,67.0,50,50.0,17.0,referee
Nicolae Rainea,1,0,0,1,referee,1982,8,0.0,38,25.0,-25.0,referee
Nikolay Latyshev,1,0,0,1,referee,1962,10,0.0,50,60.0,-60.0,referee
Pablo Sánchez Ibáñez,1,1,0,0,referee,1974,0,100.0,-1,63.0,37.0,referee
Pavel Kazakov,1,0,1,0,referee,1974,2,0.0,50,25.0,-25.0,referee
Pierluigi Collina,1,0,0,1,referee,2002,8,0.0,38,60.0,-60.0,referee
Pierluigi Pairetto,1,0,0,1,referee,1994,0,0.0,-1,0.0,0.0,referee
Ravshan Irmatov,3,1,0,2,referee,2010/2018,16,33.0,31,67.0,-34.0,referee
Reginald Leafe,1,0,0,1,referee,1958,6,0.0,50,33.0,-33.0,referee
Robert Wurtz,1,1,0,0,referee,1978,2,100.0,50,63.0,37.0,referee
Roberto Rosetti,2,2,0,0,referee,2006/2010,8,100.0,38,82.0,18.0,referee
Romualdo Arppi Filho,1,1,0,0,referee,1986,4,100.0,25,0.0,100.0,referee
Rudolf Kreitlein,1,0,0,1,referee,1966,2,0.0,50,60.0,-60.0,referee
Rune Pedersen,1,1,0,0,referee,1998,2,100.0,50,63.0,37.0,referee
Said Belqola,1,1,0,0,referee,1998,4,100.0,50,50.0,50.0,referee
Sergio Gonella,1,1,0,0,referee,1978,2,100.0,0,40.0,60.0,referee
Slavko Vinčić,1,0,0,1,referee,2022,8,0.0,38,63.0,-63.0,referee
Sten Ahlner,1,1,0,0,referee,1958,0,100.0,-1,63.0,37.0,referee
Szymon Marciniak,4,3,1,0,referee,2018/2022/2026,6,75.0,33,64.0,11.0,referee
Ulf Eriksson,1,1,0,0,referee,1978,2,100.0,50,50.0,50.0,referee
Ulises Saucedo,1,1,0,0,referee,1930,0,100.0,-1,100.0,0.0,referee
Victoriano Sánchez Arminio,1,1,0,0,referee,1986,0,100.0,-1,100.0,0.0,referee
Vital Loraux,1,0,0,1,referee,1974,4,0.0,50,33.0,-33.0,referee
Vojtěch Christov,1,0,0,1,referee,1982,2,0.0,0,100.0,-100.0,referee
Wolfgang Stark,1,1,0,0,referee,2010,4,100.0,50,100.0,0.0,referee
Ľuboš Micheľ,1,0,0,1,referee,2006,8,0.0,38,0.0,0.0,referee
