era,metric,team,matches,count,rate,field_rate,direction,favorable,p,signif_fdr10
1930-1966,pen_goals_for,Argentina,16,2,0.125,0.1,high,True,0.6743897474077993,False
1930-1966,pen_goals_for,Austria,12,1,0.08333333333333333,0.1,low,False,1.0,False
1930-1966,pen_goals_for,Belgium,6,0,0.0,0.1,low,False,1.0,False
1930-1966,pen_goals_for,Bolivia,3,0,0.0,0.1,low,False,1.0,False
1930-1966,pen_goals_for,Brazil,32,1,0.03125,0.1,low,False,0.37265701741295737,False
1930-1966,pen_goals_for,Bulgaria,6,0,0.0,0.1,low,False,1.0,False
1930-1966,pen_goals_for,Chile,15,2,0.13333333333333333,0.1,high,True,0.6621530145868278,False
1930-1966,pen_goals_for,Colombia,3,1,0.3333333333333333,0.1,high,True,0.260018917153528,False
1930-1966,pen_goals_for,Cuba,3,0,0.0,0.1,low,False,1.0,False
1930-1966,pen_goals_for,Czechoslovakia,19,3,0.15789473684210525,0.1,high,True,0.4383160686520474,False
1930-1966,pen_goals_for,England,20,3,0.15,0.1,high,True,0.45177639581645684,False
1930-1966,pen_goals_for,France,17,4,0.23529411764705882,0.1,high,True,0.08891393886138121,False
1930-1966,pen_goals_for,Germany,6,0,0.0,0.1,low,False,1.0,False
1930-1966,pen_goals_for,Hungary,23,3,0.13043478260869565,0.1,high,True,0.49987730861511415,False
1930-1966,pen_goals_for,Italy,20,2,0.1,0.1,low,False,1.0,False
1930-1966,pen_goals_for,Mexico,17,3,0.17647058823529413,0.1,high,True,0.24098924256314733,False
1930-1966,pen_goals_for,North Korea,4,0,0.0,0.1,low,False,1.0,False
1930-1966,pen_goals_for,Northern Ireland,5,0,0.0,0.1,low,False,1.0,False
1930-1966,pen_goals_for,Paraguay,7,1,0.14285714285714285,0.1,high,True,0.5064827219862984,False
1930-1966,pen_goals_for,Portugal,6,4,0.6666666666666666,0.1,high,True,0.0030077749297177693,False
1930-1966,pen_goals_for,Romania,5,0,0.0,0.1,low,False,1.0,False
1930-1966,pen_goals_for,Scotland,5,0,0.0,0.1,low,False,1.0,False
1930-1966,pen_goals_for,Soviet Union,15,0,0.0,0.1,low,False,0.40547705813656,False
1930-1966,pen_goals_for,Spain,15,1,0.06666666666666667,0.1,low,False,1.0,False
1930-1966,pen_goals_for,Sweden,16,2,0.125,0.1,high,True,0.6743897474077993,False
1930-1966,pen_goals_for,Switzerland,18,0,0.0,0.1,low,False,0.26273980535595226,False
1930-1966,pen_goals_for,Turkey,3,0,0.0,0.1,low,False,1.0,False
1930-1966,pen_goals_for,United States,7,1,0.14285714285714285,0.1,high,True,0.5064827219862984,False
1930-1966,pen_goals_for,Uruguay,20,0,0.0,0.1,low,False,0.2666619320661693,False
1930-1966,pen_goals_for,Wales,5,0,0.0,0.1,low,False,1.0,False
1930-1966,pen_goals_for,West Germany,22,4,0.18181818181818182,0.1,high,True,0.2801310098962023,False
1930-1966,pen_goals_for,Yugoslavia,19,1,0.05263157894736842,0.1,low,False,1.0,False
1930-1966,pen_goals_against,Argentina,16,2,0.125,0.1,high,False,0.6743897474077993,False
1930-1966,pen_goals_against,Austria,12,4,0.3333333333333333,0.1,high,False,0.03139680400077603,False
1930-1966,pen_goals_against,Belgium,6,1,0.16666666666666666,0.1,high,False,0.4536773328989255,False
1930-1966,pen_goals_against,Bolivia,3,0,0.0,0.1,low,True,1.0,False
1930-1966,pen_goals_against,Brazil,32,8,0.25,0.1,high,False,0.01268724129434231,False
1930-1966,pen_goals_against,Bulgaria,6,0,0.0,0.1,low,True,1.0,False
1930-1966,pen_goals_against,Chile,15,2,0.13333333333333333,0.1,high,False,0.6621530145868278,False
1930-1966,pen_goals_against,Colombia,3,0,0.0,0.1,low,True,1.0,False
1930-1966,pen_goals_against,Cuba,3,0,0.0,0.1,low,True,1.0,False
1930-1966,pen_goals_against,Czechoslovakia,19,2,0.10526315789473684,0.1,high,False,0.7152340946858682,False
1930-1966,pen_goals_against,England,20,1,0.05,0.1,low,True,0.7223283043745692,False
1930-1966,pen_goals_against,France,17,1,0.058823529411764705,0.1,low,True,1.0,False
1930-1966,pen_goals_against,Germany,6,0,0.0,0.1,low,True,1.0,False
1930-1966,pen_goals_against,Hungary,23,2,0.08695652173913043,0.1,low,True,1.0,False
1930-1966,pen_goals_against,Italy,20,0,0.0,0.1,low,True,0.2666619320661693,False
1930-1966,pen_goals_against,Mexico,17,2,0.11764705882352941,0.1,high,False,0.687491780610113,False
1930-1966,pen_goals_against,North Korea,4,3,0.75,0.1,high,False,0.0074973633953959425,False
1930-1966,pen_goals_against,Northern Ireland,5,1,0.2,0.1,high,False,0.3953776847923019,False
1930-1966,pen_goals_against,Paraguay,7,0,0.0,0.1,low,True,1.0,False
1930-1966,pen_goals_against,Portugal,6,0,0.0,0.1,low,True,1.0,False
1930-1966,pen_goals_against,Romania,5,0,0.0,0.1,low,True,1.0,False
1930-1966,pen_goals_against,Scotland,5,0,0.0,0.1,low,True,1.0,False
1930-1966,pen_goals_against,Soviet Union,15,2,0.13333333333333333,0.1,high,False,0.6621530145868278,False
1930-1966,pen_goals_against,Spain,15,0,0.0,0.1,low,True,0.40547705813656,False
1930-1966,pen_goals_against,Sweden,16,0,0.0,0.1,low,True,0.4098314171766367,False
1930-1966,pen_goals_against,Switzerland,18,1,0.05555555555555555,0.1,low,True,1.0,False
1930-1966,pen_goals_against,Turkey,3,0,0.0,0.1,low,True,1.0,False
1930-1966,pen_goals_against,United States,7,0,0.0,0.1,low,True,1.0,False
1930-1966,pen_goals_against,Uruguay,20,4,0.2,0.1,high,False,0.13814977550106594,False
1930-1966,pen_goals_against,Wales,5,0,0.0,0.1,low,True,1.0,False
1930-1966,pen_goals_against,West Germany,22,2,0.09090909090909091,0.1,low,True,1.0,False
1930-1966,pen_goals_against,Yugoslavia,19,2,0.10526315789473684,0.1,high,False,0.7152340946858682,False
1970-1986,yellows_received,Algeria,6,4,0.6666666666666666,1.0047169811320755,low,True,0.5383320915270164,False
1970-1986,yellows_received,Argentina,25,31,1.24,1.0047169811320755,high,False,0.21708277023971384,False
1970-1986,yellows_received,Australia,3,1,0.3333333333333333,1.0047169811320755,low,True,0.3825153697099284,False
1970-1986,yellows_received,Austria,11,8,0.7272727272727273,1.0047169811320755,low,True,0.445026824996651,False
1970-1986,yellows_received,Belgium,15,14,0.9333333333333333,1.0047169811320755,low,True,0.89573034336141,False
1970-1986,yellows_received,Brazil,30,22,0.7333333333333333,1.0047169811320755,low,True,0.13083218836048108,False
1970-1986,yellows_received,Bulgaria,10,6,0.6,1.0047169811320755,low,True,0.260607761847656,False
1970-1986,yellows_received,Cameroon,3,4,1.3333333333333333,1.0047169811320755,high,False,0.5519366910091574,False
1970-1986,yellows_received,Canada,3,3,1.0,1.0047169811320755,low,True,1.0,False
1970-1986,yellows_received,Chile,6,9,1.5,1.0047169811320755,high,False,0.21369935116377922,False
1970-1986,yellows_received,Czechoslovakia,6,4,0.6666666666666666,1.0047169811320755,low,True,0.5383320915270164,False
1970-1986,yellows_received,Denmark,4,5,1.25,1.0047169811320755,high,False,0.6088292944489445,False
1970-1986,yellows_received,East Germany,6,10,1.6666666666666667,1.0047169811320755,high,False,0.1008287878664394,False
1970-1986,yellows_received,El Salvador,6,9,1.5,1.0047169811320755,high,False,0.21369935116377922,False
1970-1986,yellows_received,England,14,13,0.9285714285714286,1.0047169811320755,low,True,0.8922431276180833,False
1970-1986,yellows_received,France,17,15,0.8823529411764706,1.0047169811320755,low,True,0.7109854197651263,False
1970-1986,yellows_received,Haiti,3,3,1.0,1.0047169811320755,low,True,1.0,False
1970-1986,yellows_received,Honduras,3,1,0.3333333333333333,1.0047169811320755,low,True,0.3825153697099284,False
1970-1986,yellows_received,Hungary,9,6,0.6666666666666666,1.0047169811320755,low,True,0.3990761681629833,False
1970-1986,yellows_received,Iran,3,0,0.0,1.0047169811320755,low,True,0.08225051150117224,False
1970-1986,yellows_received,Iraq,3,9,3.0,1.0047169811320755,high,False,0.003773828629123676,False
1970-1986,yellows_received,Israel,3,4,1.3333333333333333,1.0047169811320755,high,False,0.5519366910091574,False
1970-1986,yellows_received,Italy,27,34,1.2592592592592593,1.0047169811320755,high,False,0.16522646132873808,False
1970-1986,yellows_received,Kuwait,3,3,1.0,1.0047169811320755,low,True,1.0,False
1970-1986,yellows_received,Mexico,12,15,1.25,1.0047169811320755,high,False,0.3781784896534754,False
1970-1986,yellows_received,Morocco,7,5,0.7142857142857143,1.0047169811320755,low,True,0.5685315662205372,False
1970-1986,yellows_received,Netherlands,14,19,1.3571428571428572,1.0047169811320755,high,False,0.17442316070898184,False
1970-1986,yellows_received,New Zealand,3,0,0.0,1.0047169811320755,low,True,0.08225051150117224,False
1970-1986,yellows_received,Northern Ireland,8,9,1.125,1.0047169811320755,high,False,0.719203473127267,False
1970-1986,yellows_received,Paraguay,4,5,1.25,1.0047169811320755,high,False,0.6088292944489445,False
1970-1986,yellows_received,Peru,13,5,0.38461538461538464,1.0047169811320755,low,True,0.016618975822955434,False
1970-1986,yellows_received,Poland,24,23,0.9583333333333334,1.0047169811320755,low,True,0.9164857184417967,False
1970-1986,yellows_received,Portugal,3,2,0.6666666666666666,1.0047169811320755,low,True,0.7751729668495664,False
1970-1986,yellows_received,Romania,3,3,1.0,1.0047169811320755,low,True,1.0,False
1970-1986,yellows_received,Scotland,12,10,0.8333333333333334,1.0047169811320755,low,True,0.6612504937973986,False
1970-1986,yellows_received,South Korea,3,7,2.3333333333333335,1.0047169811320755,high,False,0.03368612380442822,False
1970-1986,yellows_received,Soviet Union,13,14,1.0769230769230769,1.0047169811320755,high,False,0.7775301736433908,False
1970-1986,yellows_received,Spain,13,15,1.1538461538461537,1.0047169811320755,high,False,0.5720416265405923,False
1970-1986,yellows_received,Sweden,12,9,0.75,1.0047169811320755,low,True,0.46425630853721317,False
1970-1986,yellows_received,Tunisia,3,1,0.3333333333333333,1.0047169811320755,low,True,0.3825153697099284,False
1970-1986,yellows_received,Uruguay,13,24,1.8461538461538463,1.0047169811320755,high,False,0.004520653192313883,False
1970-1986,yellows_received,West Germany,33,27,0.8181818181818182,1.0047169811320755,low,True,0.31892993600046426,False
1970-1986,yellows_received,Yugoslavia,9,13,1.4444444444444444,1.0047169811320755,high,False,0.17677634063259773,False
1970-1986,yellows_received,Zaire,3,2,0.6666666666666666,1.0047169811320755,low,True,0.7751729668495664,False
1970-1986,dismissals_received,Algeria,6,0,0.0,0.049528301886792456,low,True,1.0,False
1970-1986,dismissals_received,Argentina,25,2,0.08,0.049528301886792456,high,False,0.3536810396833958,False
1970-1986,dismissals_received,Australia,3,1,0.3333333333333333,0.049528301886792456,high,False,0.13852828217322014,False
1970-1986,dismissals_received,Austria,11,0,0.0,0.049528301886792456,low,True,1.0,False
1970-1986,dismissals_received,Belgium,15,0,0.0,0.049528301886792456,low,True,1.0,False
1970-1986,dismissals_received,Brazil,30,1,0.03333333333333333,0.049528301886792456,low,True,1.0,False
1970-1986,dismissals_received,Bulgaria,10,0,0.0,0.049528301886792456,low,True,1.0,False
1970-1986,dismissals_received,Cameroon,3,0,0.0,0.049528301886792456,low,True,1.0,False
1970-1986,dismissals_received,Canada,3,1,0.3333333333333333,0.049528301886792456,high,False,0.13852828217322014,False
1970-1986,dismissals_received,Chile,6,1,0.16666666666666666,0.049528301886792456,high,False,0.2586574478116531,False
1970-1986,dismissals_received,Czechoslovakia,6,1,0.16666666666666666,0.049528301886792456,high,False,0.2586574478116531,False
1970-1986,dismissals_received,Denmark,4,1,0.25,0.049528301886792456,high,False,0.18049405224996934,False
1970-1986,dismissals_received,East Germany,6,0,0.0,0.049528301886792456,low,True,1.0,False
1970-1986,dismissals_received,El Salvador,6,0,0.0,0.049528301886792456,low,True,1.0,False
1970-1986,dismissals_received,England,14,1,0.07142857142857142,0.049528301886792456,high,False,0.5059419241257639,False
1970-1986,dismissals_received,France,17,0,0.0,0.049528301886792456,low,True,1.0,False
1970-1986,dismissals_received,Haiti,3,0,0.0,0.049528301886792456,low,True,1.0,False
1970-1986,dismissals_received,Honduras,3,1,0.3333333333333333,0.049528301886792456,high,False,0.13852828217322014,False
1970-1986,dismissals_received,Hungary,9,2,0.2222222222222222,0.049528301886792456,high,False,0.07249580103270109,False
1970-1986,dismissals_received,Iran,3,0,0.0,0.049528301886792456,low,True,1.0,False
1970-1986,dismissals_received,Iraq,3,1,0.3333333333333333,0.049528301886792456,high,False,0.13852828217322014,False
1970-1986,dismissals_received,Israel,3,0,0.0,0.049528301886792456,low,True,1.0,False
1970-1986,dismissals_received,Italy,27,0,0.0,0.049528301886792456,low,True,0.6413174854654994,False
1970-1986,dismissals_received,Kuwait,3,0,0.0,0.049528301886792456,low,True,1.0,False
1970-1986,dismissals_received,Mexico,12,1,0.08333333333333333,0.049528301886792456,high,False,0.4527843010759008,False
1970-1986,dismissals_received,Morocco,7,0,0.0,0.049528301886792456,low,True,1.0,False
1970-1986,dismissals_received,Netherlands,14,1,0.07142857142857142,0.049528301886792456,high,False,0.5059419241257639,False
1970-1986,dismissals_received,New Zealand,3,0,0.0,0.049528301886792456,low,True,1.0,False
1970-1986,dismissals_received,Northern Ireland,8,1,0.125,0.049528301886792456,high,False,0.32968806102376674,False
1970-1986,dismissals_received,Paraguay,4,0,0.0,0.049528301886792456,low,True,1.0,False
1970-1986,dismissals_received,Peru,13,0,0.0,0.049528301886792456,low,True,1.0,False
1970-1986,dismissals_received,Poland,24,0,0.0,0.049528301886792456,low,True,0.6293641925693712,False
1970-1986,dismissals_received,Portugal,3,0,0.0,0.049528301886792456,low,True,1.0,False
1970-1986,dismissals_received,Romania,3,0,0.0,0.049528301886792456,low,True,1.0,False
1970-1986,dismissals_received,Scotland,12,0,0.0,0.049528301886792456,low,True,1.0,False
1970-1986,dismissals_received,South Korea,3,0,0.0,0.049528301886792456,low,True,1.0,False
1970-1986,dismissals_received,Soviet Union,13,0,0.0,0.049528301886792456,low,True,1.0,False
1970-1986,dismissals_received,Spain,13,0,0.0,0.049528301886792456,low,True,1.0,False
1970-1986,dismissals_received,Sweden,12,0,0.0,0.049528301886792456,low,True,1.0,False
1970-1986,dismissals_received,Tunisia,3,0,0.0,0.049528301886792456,low,True,1.0,False
1970-1986,dismissals_received,Uruguay,13,3,0.23076923076923078,0.049528301886792456,high,False,0.025365586834434926,False
1970-1986,dismissals_received,West Germany,33,1,0.030303030303030304,0.049528301886792456,low,True,1.0,False
1970-1986,dismissals_received,Yugoslavia,9,0,0.0,0.049528301886792456,low,True,1.0,False
1970-1986,dismissals_received,Zaire,3,1,0.3333333333333333,0.049528301886792456,high,False,0.13852828217322014,False
1970-1986,yellows_drawn,Algeria,6,6,1.0,1.0047169811320755,low,False,1.0,False
1970-1986,yellows_drawn,Argentina,25,32,1.28,1.0047169811320755,high,True,0.15033093535867598,False
1970-1986,yellows_drawn,Australia,3,3,1.0,1.0047169811320755,low,False,1.0,False
1970-1986,yellows_drawn,Austria,11,3,0.2727272727272727,1.0047169811320755,low,False,0.008732992571985794,False
1970-1986,yellows_drawn,Belgium,15,19,1.2666666666666666,1.0047169811320755,high,True,0.2925223206257298,False
1970-1986,yellows_drawn,Brazil,30,27,0.9,1.0047169811320755,low,False,0.6363402731908092,False
1970-1986,yellows_drawn,Bulgaria,10,9,0.9,1.0047169811320755,low,False,0.8734101413466843,False
1970-1986,yellows_drawn,Cameroon,3,2,0.6666666666666666,1.0047169811320755,low,False,0.7751729668495664,False
1970-1986,yellows_drawn,Canada,3,0,0.0,1.0047169811320755,low,False,0.08225051150117224,False
1970-1986,yellows_drawn,Chile,6,4,0.6666666666666666,1.0047169811320755,low,False,0.5383320915270164,False
1970-1986,yellows_drawn,Czechoslovakia,6,3,0.5,1.0047169811320755,low,False,0.30103250999907666,False
1970-1986,yellows_drawn,Denmark,4,8,2.0,1.0047169811320755,high,True,0.06904667988976741,False
1970-1986,yellows_drawn,East Germany,6,6,1.0,1.0047169811320755,low,False,1.0,False
1970-1986,yellows_drawn,El Salvador,6,5,0.8333333333333334,1.0047169811320755,low,False,0.8382449892739976,False
1970-1986,yellows_drawn,England,14,10,0.7142857142857143,1.0047169811320755,low,False,0.3408784584388511,False
1970-1986,yellows_drawn,France,17,16,0.9411764705882353,1.0047169811320755,low,False,0.9017548143486918,False
1970-1986,yellows_drawn,Haiti,3,2,0.6666666666666666,1.0047169811320755,low,False,0.7751729668495664,False
1970-1986,yellows_drawn,Honduras,3,1,0.3333333333333333,1.0047169811320755,low,False,0.3825153697099284,False
1970-1986,yellows_drawn,Hungary,9,8,0.8888888888888888,1.0047169811320755,low,False,0.8668442676401312,False
1970-1986,yellows_drawn,Iran,3,0,0.0,1.0047169811320755,low,False,0.08225051150117224,False
1970-1986,yellows_drawn,Iraq,3,2,0.6666666666666666,1.0047169811320755,low,False,0.7751729668495664,False
1970-1986,yellows_drawn,Israel,3,2,0.6666666666666666,1.0047169811320755,low,False,0.7751729668495664,False
1970-1986,yellows_drawn,Italy,27,37,1.3703703703703705,1.0047169811320755,high,True,0.05849919970299153,False
1970-1986,yellows_drawn,Kuwait,3,2,0.6666666666666666,1.0047169811320755,low,False,0.7751729668495664,False
1970-1986,yellows_drawn,Mexico,12,22,1.8333333333333333,1.0047169811320755,high,True,0.007654473923283368,False
1970-1986,yellows_drawn,Morocco,7,3,0.42857142857142855,1.0047169811320755,low,False,0.17745629662129925,False
1970-1986,yellows_drawn,Netherlands,14,21,1.5,1.0047169811320755,high,True,0.07546404896804315,False
1970-1986,yellows_drawn,New Zealand,3,0,0.0,1.0047169811320755,low,False,0.08225051150117224,False
1970-1986,yellows_drawn,Northern Ireland,8,5,0.625,1.0047169811320755,low,False,0.37119196095158213,False
1970-1986,yellows_drawn,Paraguay,4,7,1.75,1.0047169811320755,high,True,0.12929372640325812,False
1970-1986,yellows_drawn,Peru,13,5,0.38461538461538464,1.0047169811320755,low,False,0.016618975822955434,False
1970-1986,yellows_drawn,Poland,24,22,0.9166666666666666,1.0047169811320755,low,False,0.7530185524399022,False
1970-1986,yellows_drawn,Portugal,3,4,1.3333333333333333,1.0047169811320755,high,True,0.5519366910091574,False
1970-1986,yellows_drawn,Romania,3,1,0.3333333333333333,1.0047169811320755,low,False,0.3825153697099284,False
1970-1986,yellows_drawn,Scotland,12,12,1.0,1.0047169811320755,low,False,1.0,False
1970-1986,yellows_drawn,South Korea,3,4,1.3333333333333333,1.0047169811320755,high,True,0.5519366910091574,False
1970-1986,yellows_drawn,Soviet Union,13,10,0.7692307692307693,1.0047169811320755,low,False,0.4815416342477352,False
1970-1986,yellows_drawn,Spain,13,14,1.0769230769230769,1.0047169811320755,high,True,0.7775301736433908,False
1970-1986,yellows_drawn,Sweden,12,9,0.75,1.0047169811320755,low,False,0.46425630853721317,False
1970-1986,yellows_drawn,Tunisia,3,1,0.3333333333333333,1.0047169811320755,low,False,0.3825153697099284,False
1970-1986,yellows_drawn,Uruguay,13,12,0.9230769230769231,1.0047169811320755,low,False,0.8883605962283163,False
1970-1986,yellows_drawn,West Germany,33,56,1.696969696969697,1.0047169811320755,high,True,0.00012891277260884766,True
1970-1986,yellows_drawn,Yugoslavia,9,8,0.8888888888888888,1.0047169811320755,low,False,0.8668442676401312,False
1970-1986,yellows_drawn,Zaire,3,3,1.0,1.0047169811320755,low,False,1.0,False
1970-1986,dismissals_drawn,Algeria,6,0,0.0,0.049528301886792456,low,False,1.0,False
1970-1986,dismissals_drawn,Argentina,25,2,0.08,0.049528301886792456,high,True,0.3536810396833958,False
1970-1986,dismissals_drawn,Australia,3,0,0.0,0.049528301886792456,low,False,1.0,False
1970-1986,dismissals_drawn,Austria,11,0,0.0,0.049528301886792456,low,False,1.0,False
1970-1986,dismissals_drawn,Belgium,15,1,0.06666666666666667,0.049528301886792456,high,True,0.530639562841527,False
1970-1986,dismissals_drawn,Brazil,30,1,0.03333333333333333,0.049528301886792456,low,False,1.0,False
1970-1986,dismissals_drawn,Bulgaria,10,0,0.0,0.049528301886792456,low,False,1.0,False
1970-1986,dismissals_drawn,Cameroon,3,0,0.0,0.049528301886792456,low,False,1.0,False
1970-1986,dismissals_drawn,Canada,3,0,0.0,0.049528301886792456,low,False,1.0,False
1970-1986,dismissals_drawn,Chile,6,1,0.16666666666666666,0.049528301886792456,high,True,0.2586574478116531,False
1970-1986,dismissals_drawn,Czechoslovakia,6,0,0.0,0.049528301886792456,low,False,1.0,False
1970-1986,dismissals_drawn,Denmark,4,1,0.25,0.049528301886792456,high,True,0.18049405224996934,False
1970-1986,dismissals_drawn,East Germany,6,0,0.0,0.049528301886792456,low,False,1.0,False
1970-1986,dismissals_drawn,El Salvador,6,0,0.0,0.049528301886792456,low,False,1.0,False
1970-1986,dismissals_drawn,England,14,0,0.0,0.049528301886792456,low,False,1.0,False
1970-1986,dismissals_drawn,France,17,1,0.058823529411764705,0.049528301886792456,high,True,0.5765524686902505,False
1970-1986,dismissals_drawn,Haiti,3,0,0.0,0.049528301886792456,low,False,1.0,False
1970-1986,dismissals_drawn,Honduras,3,0,0.0,0.049528301886792456,low,False,1.0,False
1970-1986,dismissals_drawn,Hungary,9,1,0.1111111111111111,0.049528301886792456,high,True,0.3627247639545877,False
1970-1986,dismissals_drawn,Iran,3,0,0.0,0.049528301886792456,low,False,1.0,False
1970-1986,dismissals_drawn,Iraq,3,0,0.0,0.049528301886792456,low,False,1.0,False
1970-1986,dismissals_drawn,Israel,3,0,0.0,0.049528301886792456,low,False,1.0,False
1970-1986,dismissals_drawn,Italy,27,1,0.037037037037037035,0.049528301886792456,low,False,1.0,False
1970-1986,dismissals_drawn,Kuwait,3,0,0.0,0.049528301886792456,low,False,1.0,False
1970-1986,dismissals_drawn,Mexico,12,1,0.08333333333333333,0.049528301886792456,high,True,0.4527843010759008,False
1970-1986,dismissals_drawn,Morocco,7,1,0.14285714285714285,0.049528301886792456,high,True,0.29502426986036345,False
1970-1986,dismissals_drawn,Netherlands,14,2,0.14285714285714285,0.049528301886792456,high,True,0.15166613313301872,False
1970-1986,dismissals_drawn,New Zealand,3,0,0.0,0.049528301886792456,low,False,1.0,False
1970-1986,dismissals_drawn,Northern Ireland,8,0,0.0,0.049528301886792456,low,False,1.0,False
1970-1986,dismissals_drawn,Paraguay,4,0,0.0,0.049528301886792456,low,False,1.0,False
1970-1986,dismissals_drawn,Peru,13,0,0.0,0.049528301886792456,low,False,1.0,False
1970-1986,dismissals_drawn,Poland,24,0,0.0,0.049528301886792456,low,False,0.6293641925693712,False
1970-1986,dismissals_drawn,Portugal,3,0,0.0,0.049528301886792456,low,False,1.0,False
1970-1986,dismissals_drawn,Romania,3,0,0.0,0.049528301886792456,low,False,1.0,False
1970-1986,dismissals_drawn,Scotland,12,1,0.08333333333333333,0.049528301886792456,high,True,0.4527843010759008,False
1970-1986,dismissals_drawn,South Korea,3,0,0.0,0.049528301886792456,low,False,1.0,False
1970-1986,dismissals_drawn,Soviet Union,13,0,0.0,0.049528301886792456,low,False,1.0,False
1970-1986,dismissals_drawn,Spain,13,1,0.07692307692307693,0.049528301886792456,high,True,0.4800096656927981,False
1970-1986,dismissals_drawn,Sweden,12,0,0.0,0.049528301886792456,low,False,1.0,False
1970-1986,dismissals_drawn,Tunisia,3,0,0.0,0.049528301886792456,low,False,1.0,False
1970-1986,dismissals_drawn,Uruguay,13,0,0.0,0.049528301886792456,low,False,1.0,False
1970-1986,dismissals_drawn,West Germany,33,4,0.12121212121212122,0.049528301886792456,high,True,0.07561908430492689,False
1970-1986,dismissals_drawn,Yugoslavia,9,2,0.2222222222222222,0.049528301886792456,high,True,0.07249580103270109,False
1970-1986,dismissals_drawn,Zaire,3,0,0.0,0.049528301886792456,low,False,1.0,False
1970-1986,pen_goals_for,Algeria,6,0,0.0,0.10141509433962265,low,False,1.0,False
1970-1986,pen_goals_for,Argentina,25,2,0.08,0.10141509433962265,low,False,1.0,False
1970-1986,pen_goals_for,Australia,3,0,0.0,0.10141509433962265,low,False,1.0,False
1970-1986,pen_goals_for,Austria,11,1,0.09090909090909091,0.10141509433962265,low,False,1.0,False
1970-1986,pen_goals_for,Belgium,15,2,0.13333333333333333,0.10141509433962265,high,True,0.6648750073575769,False
1970-1986,pen_goals_for,Brazil,30,3,0.1,0.10141509433962265,low,False,1.0,False
1970-1986,pen_goals_for,Bulgaria,10,0,0.0,0.10141509433962265,low,False,0.6278217845446009,False
1970-1986,pen_goals_for,Cameroon,3,0,0.0,0.10141509433962265,low,False,1.0,False
1970-1986,pen_goals_for,Canada,3,0,0.0,0.10141509433962265,low,False,1.0,False
1970-1986,pen_goals_for,Chile,6,1,0.16666666666666666,0.10141509433962265,high,True,0.4581884200273937,False
1970-1986,pen_goals_for,Czechoslovakia,6,2,0.3333333333333333,0.10141509433962265,high,True,0.12376883238879932,False
1970-1986,pen_goals_for,Denmark,4,2,0.5,0.10141509433962265,high,True,0.06230830412399969,False
1970-1986,pen_goals_for,East Germany,6,0,0.0,0.10141509433962265,low,False,1.0,False
1970-1986,pen_goals_for,El Salvador,6,0,0.0,0.10141509433962265,low,False,1.0,False
1970-1986,pen_goals_for,England,14,1,0.07142857142857142,0.10141509433962265,low,False,1.0,False
1970-1986,pen_goals_for,France,17,2,0.11764705882352941,0.10141509433962265,high,True,0.690863183005739,False
1970-1986,pen_goals_for,Haiti,3,0,0.0,0.10141509433962265,low,False,1.0,False
1970-1986,pen_goals_for,Honduras,3,0,0.0,0.10141509433962265,low,False,1.0,False
1970-1986,pen_goals_for,Hungary,9,1,0.1111111111111111,0.10141509433962265,high,True,0.6025007394154589,False
1970-1986,pen_goals_for,Iran,3,0,0.0,0.10141509433962265,low,False,1.0,False
1970-1986,pen_goals_for,Iraq,3,0,0.0,0.10141509433962265,low,False,1.0,False
1970-1986,pen_goals_for,Israel,3,0,0.0,0.10141509433962265,low,False,1.0,False
1970-1986,pen_goals_for,Italy,27,1,0.037037037037037035,0.10141509433962265,low,False,0.5240816115660692,False
1970-1986,pen_goals_for,Kuwait,3,0,0.0,0.10141509433962265,low,False,1.0,False
1970-1986,pen_goals_for,Mexico,12,2,0.16666666666666666,0.10141509433962265,high,True,0.34461089710787013,False
1970-1986,pen_goals_for,Morocco,7,0,0.0,0.10141509433962265,low,False,1.0,False
1970-1986,pen_goals_for,Netherlands,14,7,0.5,0.10141509433962265,high,True,0.0004844283032966564,True
1970-1986,pen_goals_for,New Zealand,3,0,0.0,0.10141509433962265,low,False,1.0,False
1970-1986,pen_goals_for,Northern Ireland,8,0,0.0,0.10141509433962265,low,False,1.0,False
1970-1986,pen_goals_for,Paraguay,4,0,0.0,0.10141509433962265,low,False,1.0,False
1970-1986,pen_goals_for,Peru,13,2,0.15384615384615385,0.10141509433962265,high,True,0.38141922325535826,False
1970-1986,pen_goals_for,Poland,24,1,0.041666666666666664,0.10141509433962265,low,False,0.5170419240370279,False
1970-1986,pen_goals_for,Portugal,3,0,0.0,0.10141509433962265,low,False,1.0,False
1970-1986,pen_goals_for,Romania,3,1,0.3333333333333333,0.10141509433962265,high,True,0.2631174241059125,False
1970-1986,pen_goals_for,Scotland,12,1,0.08333333333333333,0.10141509433962265,low,False,1.0,False
1970-1986,pen_goals_for,South Korea,3,0,0.0,0.10141509433962265,low,False,1.0,False
1970-1986,pen_goals_for,Soviet Union,13,2,0.15384615384615385,0.10141509433962265,high,True,0.38141922325535826,False
1970-1986,pen_goals_for,Spain,13,4,0.3076923076923077,0.10141509433962265,high,True,0.04227459626412743,False
1970-1986,pen_goals_for,Sweden,12,0,0.0,0.10141509433962265,low,False,0.6355810591677382,False
1970-1986,pen_goals_for,Tunisia,3,0,0.0,0.10141509433962265,low,False,1.0,False
1970-1986,pen_goals_for,Uruguay,13,1,0.07692307692307693,0.10141509433962265,low,False,1.0,False
1970-1986,pen_goals_for,West Germany,33,3,0.09090909090909091,0.10141509433962265,low,False,1.0,False
1970-1986,pen_goals_for,Yugoslavia,9,1,0.1111111111111111,0.10141509433962265,high,True,0.6025007394154589,False
1970-1986,pen_goals_for,Zaire,3,0,0.0,0.10141509433962265,low,False,1.0,False
1970-1986,pen_goals_against,Algeria,6,1,0.16666666666666666,0.10141509433962265,high,False,0.4581884200273937,False
1970-1986,pen_goals_against,Argentina,25,1,0.04,0.10141509433962265,low,True,0.5176363624844649,False
1970-1986,pen_goals_against,Australia,3,0,0.0,0.10141509433962265,low,True,1.0,False
1970-1986,pen_goals_against,Austria,11,1,0.09090909090909091,0.10141509433962265,low,True,1.0,False
1970-1986,pen_goals_against,Belgium,15,3,0.2,0.10141509433962265,high,False,0.1942657911776656,False
1970-1986,pen_goals_against,Brazil,30,0,0.0,0.10141509433962265,low,True,0.07273479843929345,False
1970-1986,pen_goals_against,Bulgaria,10,3,0.3,0.10141509433962265,high,False,0.08070600950912103,False
1970-1986,pen_goals_against,Cameroon,3,0,0.0,0.10141509433962265,low,True,1.0,False
1970-1986,pen_goals_against,Canada,3,0,0.0,0.10141509433962265,low,True,1.0,False
1970-1986,pen_goals_against,Chile,6,0,0.0,0.10141509433962265,low,True,1.0,False
1970-1986,pen_goals_against,Czechoslovakia,6,2,0.3333333333333333,0.10141509433962265,high,False,0.12376883238879932,False
1970-1986,pen_goals_against,Denmark,4,3,0.75,0.10141509433962265,high,False,0.00782081368796176,False
1970-1986,pen_goals_against,East Germany,6,0,0.0,0.10141509433962265,low,True,1.0,False
1970-1986,pen_goals_against,El Salvador,6,2,0.3333333333333333,0.10141509433962265,high,False,0.12376883238879932,False
1970-1986,pen_goals_against,England,14,0,0.0,0.10141509433962265,low,True,0.40491987930689355,False
1970-1986,pen_goals_against,France,17,2,0.11764705882352941,0.10141509433962265,high,False,0.690863183005739,False
1970-1986,pen_goals_against,Haiti,3,0,0.0,0.10141509433962265,low,True,1.0,False
1970-1986,pen_goals_against,Honduras,3,2,0.6666666666666666,0.10141509433962265,high,False,0.037326801088484234,False
1970-1986,pen_goals_against,Hungary,9,1,0.1111111111111111,0.10141509433962265,high,False,0.6025007394154589,False
1970-1986,pen_goals_against,Iran,3,4,1.3333333333333333,0.10141509433962265,high,False,0.0002481236180047212,True
1970-1986,pen_goals_against,Iraq,3,1,0.3333333333333333,0.10141509433962265,high,False,0.2631174241059125,False
1970-1986,pen_goals_against,Israel,3,0,0.0,0.10141509433962265,low,True,1.0,False
1970-1986,pen_goals_against,Italy,27,1,0.037037037037037035,0.10141509433962265,low,True,0.5240816115660692,False
1970-1986,pen_goals_against,Kuwait,3,1,0.3333333333333333,0.10141509433962265,high,False,0.2631174241059125,False
1970-1986,pen_goals_against,Mexico,12,0,0.0,0.10141509433962265,low,True,0.6355810591677382,False
1970-1986,pen_goals_against,Morocco,7,0,0.0,0.10141509433962265,low,True,1.0,False
1970-1986,pen_goals_against,Netherlands,14,2,0.14285714285714285,0.10141509433962265,high,False,0.6534334524372534,False
1970-1986,pen_goals_against,New Zealand,3,0,0.0,0.10141509433962265,low,True,1.0,False
1970-1986,pen_goals_against,Northern Ireland,8,0,0.0,0.10141509433962265,low,True,1.0,False
1970-1986,pen_goals_against,Paraguay,4,0,0.0,0.10141509433962265,low,True,1.0,False
1970-1986,pen_goals_against,Peru,13,1,0.07692307692307693,0.10141509433962265,low,True,1.0,False
1970-1986,pen_goals_against,Poland,24,2,0.08333333333333333,0.10141509433962265,low,True,1.0,False
1970-1986,pen_goals_against,Portugal,3,0,0.0,0.10141509433962265,low,True,1.0,False
1970-1986,pen_goals_against,Romania,3,0,0.0,0.10141509433962265,low,True,1.0,False
1970-1986,pen_goals_against,Scotland,12,1,0.08333333333333333,0.10141509433962265,low,True,1.0,False
1970-1986,pen_goals_against,South Korea,3,0,0.0,0.10141509433962265,low,True,1.0,False
1970-1986,pen_goals_against,Soviet Union,13,0,0.0,0.10141509433962265,low,True,0.6435189131956136,False
1970-1986,pen_goals_against,Spain,13,1,0.07692307692307693,0.10141509433962265,low,True,1.0,False
1970-1986,pen_goals_against,Sweden,12,2,0.16666666666666666,0.10141509433962265,high,False,0.34461089710787013,False
1970-1986,pen_goals_against,Tunisia,3,1,0.3333333333333333,0.10141509433962265,high,False,0.2631174241059125,False
1970-1986,pen_goals_against,Uruguay,13,0,0.0,0.10141509433962265,low,True,0.6435189131956136,False
1970-1986,pen_goals_against,West Germany,33,3,0.09090909090909091,0.10141509433962265,low,True,1.0,False
1970-1986,pen_goals_against,Yugoslavia,9,2,0.2222222222222222,0.10141509433962265,high,False,0.23182070605107946,False
1970-1986,pen_goals_against,Zaire,3,0,0.0,0.10141509433962265,low,True,1.0,False
1990-2018,yellows_received,Algeria,7,14,2.0,2.005122950819672,low,True,1.0,False
1990-2018,yellows_received,Angola,3,11,3.6666666666666665,2.005122950819672,high,False,0.06001435893894958,False
1990-2018,yellows_received,Argentina,40,87,2.175,2.005122950819672,high,False,0.4246764111686431,False
1990-2018,yellows_received,Australia,13,31,2.3846153846153846,2.005122950819672,high,False,0.3229643423810952,False
1990-2018,yellows_received,Austria,6,15,2.5,2.005122950819672,high,False,0.38242957325758864,False
1990-2018,yellows_received,Belgium,27,36,1.3333333333333333,2.005122950819672,low,True,0.01059389186232151,False
1990-2018,yellows_received,Bolivia,3,8,2.6666666666666665,2.005122950819672,high,False,0.40735635889344146,False
1990-2018,yellows_received,Bosnia and Herzegovina,3,3,1.0,2.005122950819672,low,True,0.30346319834068386,False
1990-2018,yellows_received,Brazil,47,75,1.5957446808510638,2.005122950819672,low,True,0.04455878630376298,False
1990-2018,yellows_received,Bulgaria,10,31,3.1,2.005122950819672,high,False,0.018163080384245956,False
1990-2018,yellows_received,Cameroon,20,44,2.2,2.005122950819672,high,False,0.522657479650515,False
1990-2018,yellows_received,Chile,12,35,2.9166666666666665,2.005122950819672,high,False,0.030612371824145657,False
1990-2018,yellows_received,China,3,5,1.6666666666666667,2.005122950819672,low,True,0.8391332545417616,False
1990-2018,yellows_received,Colombia,19,31,1.631578947368421,2.005122950819672,low,True,0.286636420843129,False
1990-2018,yellows_received,Costa Rica,18,38,2.111111111111111,2.005122950819672,high,False,0.7363584108209335,False
1990-2018,yellows_received,Croatia,23,52,2.260869565217391,2.005122950819672,high,False,0.3707292753872031,False
1990-2018,yellows_received,Czech Republic,3,7,2.3333333333333335,2.005122950819672,high,False,0.6787609765387483,False
1990-2018,yellows_received,Czechoslovakia,5,14,2.8,2.005122950819672,high,False,0.20249081252711937,False
1990-2018,yellows_received,Denmark,16,33,2.0625,2.005122950819672,high,False,0.85839108277888,False
1990-2018,yellows_received,Ecuador,10,23,2.3,2.005122950819672,high,False,0.49901150501877567,False
1990-2018,yellows_received,Egypt,6,9,1.5,2.005122950819672,low,True,0.46911781036435773,False
1990-2018,yellows_received,England,35,44,1.2571428571428571,2.005122950819672,low,True,0.0009894436420022556,False
1990-2018,yellows_received,France,32,55,1.71875,2.005122950819672,low,True,0.27997734965530385,False
1990-2018,yellows_received,Germany,41,78,1.9024390243902438,2.005122950819672,low,True,0.6931327954181047,False
1990-2018,yellows_received,Ghana,12,35,2.9166666666666665,2.005122950819672,high,False,0.030612371824145657,False
1990-2018,yellows_received,Greece,10,21,2.1,2.005122950819672,high,False,0.8217028005125667,False
1990-2018,yellows_received,Honduras,6,14,2.3333333333333335,2.005122950819672,high,False,0.560303363913133,False
1990-2018,yellows_received,Iceland,3,3,1.0,2.005122950819672,low,True,0.30346319834068386,False
1990-2018,yellows_received,Iran,12,22,1.8333333333333333,2.005122950819672,low,True,0.758374336509505,False
1990-2018,yellows_received,Italy,36,59,1.6388888888888888,2.005122950819672,low,True,0.11884096775050068,False
1990-2018,yellows_received,Ivory Coast,9,21,2.3333333333333335,2.005122950819672,high,False,0.47610020111340906,False
1990-2018,yellows_received,Jamaica,3,6,2.0,2.005122950819672,low,True,1.0,False
1990-2018,yellows_received,Japan,21,36,1.7142857142857142,2.005122950819672,low,True,0.39091971724579344,False
1990-2018,yellows_received,Mexico,28,67,2.392857142857143,2.005122950819672,high,False,0.15429210272889798,False
1990-2018,yellows_received,Morocco,9,22,2.4444444444444446,2.005122950819672,high,False,0.3421884737715243,False
1990-2018,yellows_received,Netherlands,34,79,2.323529411764706,2.005122950819672,high,False,0.17524382742479921,False
1990-2018,yellows_received,New Zealand,3,6,2.0,2.005122950819672,low,True,1.0,False
1990-2018,yellows_received,Nigeria,21,31,1.4761904761904763,2.005122950819672,low,True,0.08630246131818484,False
1990-2018,yellows_received,North Korea,3,2,0.6666666666666666,2.005122950819672,low,True,0.14568140983186123,False
1990-2018,yellows_received,Norway,7,13,1.8571428571428572,2.005122950819672,low,True,0.8936346376270392,False
1990-2018,yellows_received,Panama,3,11,3.6666666666666665,2.005122950819672,high,False,0.06001435893894958,False
1990-2018,yellows_received,Paraguay,16,36,2.25,2.005122950819672,high,False,0.47547143343604337,False
1990-2018,yellows_received,Peru,3,5,1.6666666666666667,2.005122950819672,low,True,0.8391332545417616,False
1990-2018,yellows_received,Poland,9,22,2.4444444444444446,2.005122950819672,high,False,0.3421884737715243,False
1990-2018,yellows_received,Portugal,21,49,2.3333333333333335,2.005122950819672,high,False,0.27499320234809405,False
1990-2018,yellows_received,Republic of Ireland,13,16,1.2307692307692308,2.005122950819672,low,True,0.047801811285241746,False
1990-2018,yellows_received,Romania,13,29,2.230769230769231,2.005122950819672,high,False,0.5530099989752284,False
1990-2018,yellows_received,Russia,14,30,2.142857142857143,2.005122950819672,high,False,0.7030286285339098,False
1990-2018,yellows_received,Saudi Arabia,16,23,1.4375,2.005122950819672,low,True,0.10918671312497855,False
1990-2018,yellows_received,Scotland,6,7,1.1666666666666667,2.005122950819672,low,True,0.18979994640939554,False
1990-2018,yellows_received,Senegal,8,20,2.5,2.005122950819672,high,False,0.31372700559858535,False
1990-2018,yellows_received,Serbia,6,19,3.1666666666666665,2.005122950819672,high,False,0.057414617752451616,False
1990-2018,yellows_received,Serbia and Montenegro,3,12,4.0,2.005122950819672,high,False,0.02268414432893668,False
1990-2018,yellows_received,Slovakia,4,12,3.0,2.005122950819672,high,False,0.15447040566469614,False
1990-2018,yellows_received,Slovenia,6,19,3.1666666666666665,2.005122950819672,high,False,0.057414617752451616,False
1990-2018,yellows_received,South Africa,9,21,2.3333333333333335,2.005122950819672,high,False,0.47610020111340906,False
1990-2018,yellows_received,South Korea,29,66,2.2758620689655173,2.005122950819672,high,False,0.28664032376217347,False
1990-2018,yellows_received,Soviet Union,3,3,1.0,2.005122950819672,low,True,0.30346319834068386,False
1990-2018,yellows_received,Spain,35,50,1.4285714285714286,2.005122950819672,low,True,0.012549781597997358,False
1990-2018,yellows_received,Sweden,23,42,1.826086956521739,2.005122950819672,low,True,0.6017480991288647,False
1990-2018,yellows_received,Switzerland,19,40,2.1052631578947367,2.005122950819672,high,False,0.7430421085615999,False
1990-2018,yellows_received,Togo,3,10,3.3333333333333335,2.005122950819672,high,False,0.101678465119171,False
1990-2018,yellows_received,Trinidad and Tobago,3,10,3.3333333333333335,2.005122950819672,high,False,0.101678465119171,False
1990-2018,yellows_received,Tunisia,12,33,2.75,2.005122950819672,high,False,0.07968100641640781,False
1990-2018,yellows_received,Turkey,7,19,2.7142857142857144,2.005122950819672,high,False,0.17887932016450883,False
1990-2018,yellows_received,Ukraine,5,12,2.4,2.005122950819672,high,False,0.5230827061481995,False
1990-2018,yellows_received,United Arab Emirates,3,8,2.6666666666666665,2.005122950819672,high,False,0.40735635889344146,False
1990-2018,yellows_received,United States,26,52,2.0,2.005122950819672,low,True,1.0,False
1990-2018,yellows_received,Uruguay,23,41,1.7826086956521738,2.005122950819672,low,True,0.5021148874735012,False
1990-2018,yellows_received,West Germany,7,8,1.1428571428571428,2.005122950819672,low,True,0.13756388130573993,False
1990-2018,yellows_received,Yugoslavia,9,16,1.7777777777777777,2.005122950819672,low,True,0.7229338405017973,False
1990-2018,dismissals_received,Algeria,7,2,0.2857142857142857,0.13217213114754098,high,False,0.23665155032726085,False
1990-2018,dismissals_received,Angola,3,1,0.3333333333333333,0.13217213114754098,high,False,0.327751385815806,False
1990-2018,dismissals_received,Argentina,40,6,0.15,0.13217213114754098,high,False,0.6563733904344313,False
1990-2018,dismissals_received,Australia,13,3,0.23076923076923078,0.13217213114754098,high,False,0.24709216345913507,False
1990-2018,dismissals_received,Austria,6,1,0.16666666666666666,0.13217213114754098,high,False,0.5486356634893128,False
1990-2018,dismissals_received,Belgium,27,3,0.1111111111111111,0.13217213114754098,low,True,1.0,False
1990-2018,dismissals_received,Bolivia,3,2,0.6666666666666666,0.13217213114754098,high,False,0.060371926731239575,False
1990-2018,dismissals_received,Bosnia and Herzegovina,3,0,0.0,0.13217213114754098,low,True,1.0,False
1990-2018,dismissals_received,Brazil,47,5,0.10638297872340426,0.13217213114754098,low,True,0.8361423818630193,False
1990-2018,dismissals_received,Bulgaria,10,3,0.3,0.13217213114754098,high,False,0.14710018275474962,False
1990-2018,dismissals_received,Cameroon,20,8,0.4,0.13217213114754098,high,False,0.005308693479908706,False
1990-2018,dismissals_received,Chile,12,1,0.08333333333333333,0.13217213114754098,low,True,1.0,False
1990-2018,dismissals_received,China,3,1,0.3333333333333333,0.13217213114754098,high,False,0.327751385815806,False
1990-2018,dismissals_received,Colombia,19,1,0.05263157894736842,0.13217213114754098,low,True,0.5257622502036572,False
1990-2018,dismissals_received,Costa Rica,18,1,0.05555555555555555,0.13217213114754098,low,True,0.735936808167312,False
1990-2018,dismissals_received,Croatia,23,4,0.17391304347826086,0.13217213114754098,high,False,0.5515531875100046,False
1990-2018,dismissals_received,Czech Republic,3,2,0.6666666666666666,0.13217213114754098,high,False,0.060371926731239575,False
1990-2018,dismissals_received,Czechoslovakia,5,1,0.2,0.13217213114754098,high,False,0.4844697197659935,False
1990-2018,dismissals_received,Denmark,16,2,0.125,0.13217213114754098,low,True,1.0,False
1990-2018,dismissals_received,Ecuador,10,1,0.1,0.13217213114754098,low,True,1.0,False
1990-2018,dismissals_received,Egypt,6,0,0.0,0.13217213114754098,low,True,1.0,False
1990-2018,dismissals_received,England,35,2,0.05714285714285714,0.13217213114754098,low,True,0.3369450317293894,False
1990-2018,dismissals_received,France,32,6,0.1875,0.13217213114754098,high,False,0.32241964132278544,False
1990-2018,dismissals_received,Germany,41,4,0.0975609756097561,0.13217213114754098,low,True,0.8241123826637946,False
1990-2018,dismissals_received,Ghana,12,1,0.08333333333333333,0.13217213114754098,low,True,1.0,False
1990-2018,dismissals_received,Greece,10,1,0.1,0.13217213114754098,low,True,1.0,False
1990-2018,dismissals_received,Honduras,6,1,0.16666666666666666,0.13217213114754098,high,False,0.5486356634893128,False
1990-2018,dismissals_received,Iceland,3,0,0.0,0.13217213114754098,low,True,1.0,False
1990-2018,dismissals_received,Iran,12,0,0.0,0.13217213114754098,low,True,0.4151080142123908,False
1990-2018,dismissals_received,Italy,36,6,0.16666666666666666,0.13217213114754098,high,False,0.4824326577126472,False
1990-2018,dismissals_received,Ivory Coast,9,1,0.1111111111111111,0.13217213114754098,low,True,1.0,False
1990-2018,dismissals_received,Jamaica,3,1,0.3333333333333333,0.13217213114754098,high,False,0.327751385815806,False
1990-2018,dismissals_received,Japan,21,0,0.0,0.13217213114754098,low,True,0.12138619246098326,False
1990-2018,dismissals_received,Mexico,28,5,0.17857142857142858,0.13217213114754098,high,False,0.4246428182597552,False
1990-2018,dismissals_received,Morocco,9,0,0.0,0.13217213114754098,low,True,0.636592050374265,False
1990-2018,dismissals_received,Netherlands,34,6,0.17647058823529413,0.13217213114754098,high,False,0.46376609403321983,False
1990-2018,dismissals_received,New Zealand,3,0,0.0,0.13217213114754098,low,True,1.0,False
1990-2018,dismissals_received,Nigeria,21,1,0.047619047619047616,0.13217213114754098,low,True,0.5340197274946972,False
1990-2018,dismissals_received,North Korea,3,0,0.0,0.13217213114754098,low,True,1.0,False
1990-2018,dismissals_received,Norway,7,0,0.0,0.13217213114754098,low,True,1.0,False
1990-2018,dismissals_received,Panama,3,0,0.0,0.13217213114754098,low,True,1.0,False
1990-2018,dismissals_received,Paraguay,16,2,0.125,0.13217213114754098,low,True,1.0,False
1990-2018,dismissals_received,Peru,3,0,0.0,0.13217213114754098,low,True,1.0,False
1990-2018,dismissals_received,Poland,9,1,0.1111111111111111,0.13217213114754098,low,True,1.0,False
1990-2018,dismissals_received,Portugal,21,6,0.2857142857142857,0.13217213114754098,high,False,0.060934501249038764,False
1990-2018,dismissals_received,Republic of Ireland,13,0,0.0,0.13217213114754098,low,True,0.4244149551672143,False
1990-2018,dismissals_received,Romania,13,1,0.07692307692307693,0.13217213114754098,low,True,1.0,False
1990-2018,dismissals_received,Russia,14,2,0.14285714285714285,0.13217213114754098,high,False,0.7088609317210254,False
1990-2018,dismissals_received,Saudi Arabia,16,1,0.0625,0.13217213114754098,low,True,0.7280871282444303,False
1990-2018,dismissals_received,Scotland,6,1,0.16666666666666666,0.13217213114754098,high,False,0.5486356634893128,False
1990-2018,dismissals_received,Senegal,8,1,0.125,0.13217213114754098,low,True,1.0,False
1990-2018,dismissals_received,Serbia,6,1,0.16666666666666666,0.13217213114754098,high,False,0.5486356634893128,False
1990-2018,dismissals_received,Serbia and Montenegro,3,2,0.6666666666666666,0.13217213114754098,high,False,0.060371926731239575,False
1990-2018,dismissals_received,Slovakia,4,0,0.0,0.13217213114754098,low,True,1.0,False
1990-2018,dismissals_received,Slovenia,6,1,0.16666666666666666,0.13217213114754098,high,False,0.5486356634893128,False
1990-2018,dismissals_received,South Africa,9,2,0.2222222222222222,0.13217213114754098,high,False,0.333908598791073,False
1990-2018,dismissals_received,South Korea,29,2,0.06896551724137931,0.13217213114754098,low,True,0.5972860118302049,False
1990-2018,dismissals_received,Soviet Union,3,1,0.3333333333333333,0.13217213114754098,high,False,0.327751385815806,False
1990-2018,dismissals_received,Spain,35,1,0.02857142857142857,0.13217213114754098,low,True,0.09543071103637915,False
1990-2018,dismissals_received,Sweden,23,3,0.13043478260869565,0.13217213114754098,low,True,1.0,False
1990-2018,dismissals_received,Switzerland,19,2,0.10526315789473684,0.13217213114754098,low,True,1.0,False
1990-2018,dismissals_received,Togo,3,1,0.3333333333333333,0.13217213114754098,high,False,0.327751385815806,False
1990-2018,dismissals_received,Trinidad and Tobago,3,1,0.3333333333333333,0.13217213114754098,high,False,0.327751385815806,False
1990-2018,dismissals_received,Tunisia,12,1,0.08333333333333333,0.13217213114754098,low,True,1.0,False
1990-2018,dismissals_received,Turkey,7,2,0.2857142857142857,0.13217213114754098,high,False,0.23665155032726085,False
1990-2018,dismissals_received,Ukraine,5,1,0.2,0.13217213114754098,high,False,0.4844697197659935,False
1990-2018,dismissals_received,United Arab Emirates,3,1,0.3333333333333333,0.13217213114754098,high,False,0.327751385815806,False
1990-2018,dismissals_received,United States,26,4,0.15384615384615385,0.13217213114754098,high,False,0.5900232392916429,False
1990-2018,dismissals_received,Uruguay,23,3,0.13043478260869565,0.13217213114754098,low,True,1.0,False
1990-2018,dismissals_received,West Germany,7,1,0.14285714285714285,0.13217213114754098,high,False,0.604869312108502,False
1990-2018,dismissals_received,Yugoslavia,9,1,0.1111111111111111,0.13217213114754098,low,True,1.0,False
1990-2018,yellows_drawn,Algeria,7,11,1.5714285714285714,2.005122950819672,low,False,0.5026895609639238,False
1990-2018,yellows_drawn,Angola,3,6,2.0,2.005122950819672,low,False,1.0,False
1990-2018,yellows_drawn,Argentina,40,89,2.225,2.005122950819672,high,True,0.30480013825289354,False
1990-2018,yellows_drawn,Australia,13,30,2.3076923076923075,2.005122950819672,high,True,0.42899278468498037,False
1990-2018,yellows_drawn,Austria,6,12,2.0,2.005122950819672,low,False,1.0,False
1990-2018,yellows_drawn,Belgium,27,50,1.8518518518518519,2.005122950819672,low,False,0.6293201363711318,False
1990-2018,yellows_drawn,Bolivia,3,7,2.3333333333333335,2.005122950819672,high,True,0.6787609765387483,False
1990-2018,yellows_drawn,Bosnia and Herzegovina,3,3,1.0,2.005122950819672,low,False,0.30346319834068386,False
1990-2018,yellows_drawn,Brazil,47,109,2.3191489361702127,2.005122950819672,high,True,0.12539804488262474,False
1990-2018,yellows_drawn,Bulgaria,10,28,2.8,2.005122950819672,high,True,0.09027814797040243,False
1990-2018,yellows_drawn,Cameroon,20,38,1.9,2.005122950819672,low,False,0.8108122758453273,False
1990-2018,yellows_drawn,Chile,12,21,1.75,2.005122950819672,low,False,0.60796392865231,False
1990-2018,yellows_drawn,China,3,9,3.0,2.005122950819672,high,True,0.2150502929827091,False
1990-2018,yellows_drawn,Colombia,19,35,1.8421052631578947,2.005122950819672,low,False,0.682403303538744,False
1990-2018,yellows_drawn,Costa Rica,18,39,2.1666666666666665,2.005122950819672,high,True,0.6135558626865178,False
1990-2018,yellows_drawn,Croatia,23,38,1.6521739130434783,2.005122950819672,low,False,0.26287620323136984,False
1990-2018,yellows_drawn,Czech Republic,3,9,3.0,2.005122950819672,high,True,0.2150502929827091,False
1990-2018,yellows_drawn,Czechoslovakia,5,10,2.0,2.005122950819672,low,False,1.0,False
1990-2018,yellows_drawn,Denmark,16,23,1.4375,2.005122950819672,low,False,0.10918671312497855,False
1990-2018,yellows_drawn,Ecuador,10,14,1.4,2.005122950819672,low,False,0.21504248308087348,False
1990-2018,yellows_drawn,Egypt,6,4,0.6666666666666666,2.005122950819672,low,False,0.013392910854314826,False
1990-2018,yellows_drawn,England,35,63,1.8,2.005122950819672,low,False,0.42899690478947106,False
1990-2018,yellows_drawn,France,32,73,2.28125,2.005122950819672,high,True,0.253194792547523,False
1990-2018,yellows_drawn,Germany,41,83,2.024390243902439,2.005122950819672,high,True,0.9102428707901535,False
1990-2018,yellows_drawn,Ghana,12,20,1.6666666666666667,2.005122950819672,low,False,0.47230074658968935,False
1990-2018,yellows_drawn,Greece,10,20,2.0,2.005122950819672,low,False,1.0,False
1990-2018,yellows_drawn,Honduras,6,9,1.5,2.005122950819672,low,False,0.46911781036435773,False
1990-2018,yellows_drawn,Iceland,3,3,1.0,2.005122950819672,low,False,0.30346319834068386,False
1990-2018,yellows_drawn,Iran,12,19,1.5833333333333333,2.005122950819672,low,False,0.3549819769379769,False
1990-2018,yellows_drawn,Italy,36,89,2.4722222222222223,2.005122950819672,high,True,0.047591268468675826,False
1990-2018,yellows_drawn,Ivory Coast,9,17,1.8888888888888888,2.005122950819672,low,False,0.9059748804414997,False
1990-2018,yellows_drawn,Jamaica,3,4,1.3333333333333333,2.005122950819672,low,False,0.5405209147023953,False
1990-2018,yellows_drawn,Japan,21,40,1.9047619047619047,2.005122950819672,low,False,0.8151876522382859,False
1990-2018,yellows_drawn,Mexico,28,64,2.2857142857142856,2.005122950819672,high,True,0.27843503634537775,False
1990-2018,yellows_drawn,Morocco,9,15,1.6666666666666667,2.005122950819672,low,False,0.5541839590597512,False
1990-2018,yellows_drawn,Netherlands,34,79,2.323529411764706,2.005122950819672,high,True,0.17524382742479921,False
1990-2018,yellows_drawn,New Zealand,3,3,1.0,2.005122950819672,low,False,0.30346319834068386,False
1990-2018,yellows_drawn,Nigeria,21,32,1.5238095238095237,2.005122950819672,low,False,0.11932052205846788,False
1990-2018,yellows_drawn,North Korea,3,3,1.0,2.005122950819672,low,False,0.30346319834068386,False
1990-2018,yellows_drawn,Norway,7,11,1.5714285714285714,2.005122950819672,low,False,0.5026895609639238,False
1990-2018,yellows_drawn,Panama,3,7,2.3333333333333335,2.005122950819672,high,True,0.6787609765387483,False
1990-2018,yellows_drawn,Paraguay,16,39,2.4375,2.005122950819672,high,True,0.21216385616484276,False
1990-2018,yellows_drawn,Peru,3,8,2.6666666666666665,2.005122950819672,high,True,0.40735635889344146,False
1990-2018,yellows_drawn,Poland,9,19,2.111111111111111,2.005122950819672,high,True,0.8122405602218116,False
1990-2018,yellows_drawn,Portugal,21,47,2.238095238095238,2.005122950819672,high,True,0.43535601285658754,False
1990-2018,yellows_drawn,Republic of Ireland,13,16,1.2307692307692308,2.005122950819672,low,False,0.047801811285241746,False
1990-2018,yellows_drawn,Romania,13,24,1.8461538461538463,2.005122950819672,low,False,0.7674397558214283,False
1990-2018,yellows_drawn,Russia,14,27,1.9285714285714286,2.005122950819672,low,False,0.924294542406125,False
1990-2018,yellows_drawn,Saudi Arabia,16,33,2.0625,2.005122950819672,high,True,0.85839108277888,False
1990-2018,yellows_drawn,Scotland,6,6,1.0,2.005122950819672,low,False,0.08231169916526707,False
1990-2018,yellows_drawn,Senegal,8,16,2.0,2.005122950819672,low,False,1.0,False
1990-2018,yellows_drawn,Serbia,6,13,2.1666666666666665,2.005122950819672,high,True,0.7709224716061218,False
1990-2018,yellows_drawn,Serbia and Montenegro,3,7,2.3333333333333335,2.005122950819672,high,True,0.6787609765387483,False
1990-2018,yellows_drawn,Slovakia,4,9,2.25,2.005122950819672,high,True,0.7206923407525934,False
1990-2018,yellows_drawn,Slovenia,6,10,1.6666666666666667,2.005122950819672,low,False,0.6647582211609595,False
1990-2018,yellows_drawn,South Africa,9,18,2.0,2.005122950819672,low,False,1.0,False
1990-2018,yellows_drawn,South Korea,29,55,1.896551724137931,2.005122950819672,low,False,0.739146784435522,False
1990-2018,yellows_drawn,Soviet Union,3,7,2.3333333333333335,2.005122950819672,high,True,0.6787609765387483,False
1990-2018,yellows_drawn,Spain,35,85,2.4285714285714284,2.005122950819672,high,True,0.07751750524326956,False
1990-2018,yellows_drawn,Sweden,23,44,1.9130434782608696,2.005122950819672,low,False,0.8230750852753278,False
1990-2018,yellows_drawn,Switzerland,19,47,2.473684210526316,2.005122950819672,high,True,0.1408888794359432,False
1990-2018,yellows_drawn,Togo,3,4,1.3333333333333333,2.005122950819672,low,False,0.5405209147023953,False
1990-2018,yellows_drawn,Trinidad and Tobago,3,4,1.3333333333333333,2.005122950819672,low,False,0.5405209147023953,False
1990-2018,yellows_drawn,Tunisia,12,15,1.25,2.005122950819672,low,False,0.06419691590210404,False
1990-2018,yellows_drawn,Turkey,7,10,1.4285714285714286,2.005122950819672,low,False,0.3469623915612681,False
1990-2018,yellows_drawn,Ukraine,5,8,1.6,2.005122950819672,low,False,0.6352149112792974,False
1990-2018,yellows_drawn,United Arab Emirates,3,4,1.3333333333333333,2.005122950819672,low,False,0.5405209147023953,False
1990-2018,yellows_drawn,United States,26,63,2.423076923076923,2.005122950819672,high,True,0.13966304133265078,False
1990-2018,yellows_drawn,Uruguay,23,50,2.1739130434782608,2.005122950819672,high,True,0.5505940302866319,False
1990-2018,yellows_drawn,West Germany,7,18,2.5714285714285716,2.005122950819672,high,True,0.2814650251669054,False
1990-2018,yellows_drawn,Yugoslavia,9,12,1.3333333333333333,2.005122950819672,low,False,0.19109957131509056,False
1990-2018,dismissals_drawn,Algeria,7,0,0.0,0.13217213114754098,low,False,1.0,False
1990-2018,dismissals_drawn,Angola,3,0,0.0,0.13217213114754098,low,False,1.0,False
1990-2018,dismissals_drawn,Argentina,40,10,0.25,0.13217213114754098,high,True,0.04453454487472169,False
1990-2018,dismissals_drawn,Australia,13,3,0.23076923076923078,0.13217213114754098,high,True,0.24709216345913507,False
1990-2018,dismissals_drawn,Austria,6,0,0.0,0.13217213114754098,low,False,1.0,False
1990-2018,dismissals_drawn,Belgium,27,2,0.07407407407407407,0.13217213114754098,low,False,0.5907908195356868,False
1990-2018,dismissals_drawn,Bolivia,3,0,0.0,0.13217213114754098,low,False,1.0,False
1990-2018,dismissals_drawn,Bosnia and Herzegovina,3,0,0.0,0.13217213114754098,low,False,1.0,False
1990-2018,dismissals_drawn,Brazil,47,7,0.14893617021276595,0.13217213114754098,high,True,0.6794261218260338,False
1990-2018,dismissals_drawn,Bulgaria,10,1,0.1,0.13217213114754098,low,False,1.0,False
1990-2018,dismissals_drawn,Cameroon,20,1,0.05,0.13217213114754098,low,False,0.5285745203527279,False
1990-2018,dismissals_drawn,Chile,12,3,0.25,0.13217213114754098,high,True,0.21238134058431585,False
1990-2018,dismissals_drawn,China,3,0,0.0,0.13217213114754098,low,False,1.0,False
1990-2018,dismissals_drawn,Colombia,19,0,0.0,0.13217213114754098,low,False,0.1875343055617487,False
1990-2018,dismissals_drawn,Costa Rica,18,1,0.05555555555555555,0.13217213114754098,low,False,0.735936808167312,False
1990-2018,dismissals_drawn,Croatia,23,4,0.17391304347826086,0.13217213114754098,high,True,0.5515531875100046,False
1990-2018,dismissals_drawn,Czech Republic,3,0,0.0,0.13217213114754098,low,False,1.0,False
1990-2018,dismissals_drawn,Czechoslovakia,5,1,0.2,0.13217213114754098,high,True,0.4844697197659935,False
1990-2018,dismissals_drawn,Denmark,16,2,0.125,0.13217213114754098,low,False,1.0,False
1990-2018,dismissals_drawn,Ecuador,10,0,0.0,0.13217213114754098,low,False,0.6462997127814087,False
1990-2018,dismissals_drawn,Egypt,6,0,0.0,0.13217213114754098,low,False,1.0,False
1990-2018,dismissals_drawn,England,35,1,0.02857142857142857,0.13217213114754098,low,False,0.09543071103637915,False
1990-2018,dismissals_drawn,France,32,4,0.125,0.13217213114754098,low,False,1.0,False
1990-2018,dismissals_drawn,Germany,41,8,0.1951219512195122,0.13217213114754098,high,True,0.2653000919724905,False
1990-2018,dismissals_drawn,Ghana,12,4,0.3333333333333333,0.13217213114754098,high,True,0.07571055793843999,False
1990-2018,dismissals_drawn,Greece,10,2,0.2,0.13217213114754098,high,True,0.3814357767712077,False
1990-2018,dismissals_drawn,Honduras,6,0,0.0,0.13217213114754098,low,False,1.0,False
1990-2018,dismissals_drawn,Iceland,3,0,0.0,0.13217213114754098,low,False,1.0,False
1990-2018,dismissals_drawn,Iran,12,0,0.0,0.13217213114754098,low,False,0.4151080142123908,False
1990-2018,dismissals_drawn,Italy,36,6,0.16666666666666666,0.13217213114754098,high,True,0.4824326577126472,False
1990-2018,dismissals_drawn,Ivory Coast,9,2,0.2222222222222222,0.13217213114754098,high,True,0.333908598791073,False
1990-2018,dismissals_drawn,Jamaica,3,0,0.0,0.13217213114754098,low,False,1.0,False
1990-2018,dismissals_drawn,Japan,21,2,0.09523809523809523,0.13217213114754098,low,False,1.0,False
1990-2018,dismissals_drawn,Mexico,28,6,0.21428571428571427,0.13217213114754098,high,True,0.1907018285214962,False
1990-2018,dismissals_drawn,Morocco,9,1,0.1111111111111111,0.13217213114754098,low,False,1.0,False
1990-2018,dismissals_drawn,Netherlands,34,6,0.17647058823529413,0.13217213114754098,high,True,0.46376609403321983,False
1990-2018,dismissals_drawn,New Zealand,3,0,0.0,0.13217213114754098,low,False,1.0,False
1990-2018,dismissals_drawn,Nigeria,21,1,0.047619047619047616,0.13217213114754098,low,False,0.5340197274946972,False
1990-2018,dismissals_drawn,North Korea,3,0,0.0,0.13217213114754098,low,False,1.0,False
1990-2018,dismissals_drawn,Norway,7,1,0.14285714285714285,0.13217213114754098,high,True,0.604869312108502,False
1990-2018,dismissals_drawn,Panama,3,0,0.0,0.13217213114754098,low,False,1.0,False
1990-2018,dismissals_drawn,Paraguay,16,2,0.125,0.13217213114754098,low,False,1.0,False
1990-2018,dismissals_drawn,Peru,3,0,0.0,0.13217213114754098,low,False,1.0,False
1990-2018,dismissals_drawn,Poland,9,0,0.0,0.13217213114754098,low,False,0.636592050374265,False
1990-2018,dismissals_drawn,Portugal,21,4,0.19047619047619047,0.13217213114754098,high,True,0.3625394850934834,False
1990-2018,dismissals_drawn,Republic of Ireland,13,0,0.0,0.13217213114754098,low,False,0.4244149551672143,False
1990-2018,dismissals_drawn,Romania,13,1,0.07692307692307693,0.13217213114754098,low,False,1.0,False
1990-2018,dismissals_drawn,Russia,14,0,0.0,0.13217213114754098,low,False,0.2706374546476746,False
1990-2018,dismissals_drawn,Saudi Arabia,16,1,0.0625,0.13217213114754098,low,False,0.7280871282444303,False
1990-2018,dismissals_drawn,Scotland,6,0,0.0,0.13217213114754098,low,False,1.0,False
1990-2018,dismissals_drawn,Senegal,8,0,0.0,0.13217213114754098,low,False,0.6312780823839423,False
1990-2018,dismissals_drawn,Serbia,6,1,0.16666666666666666,0.13217213114754098,high,True,0.5486356634893128,False
1990-2018,dismissals_drawn,Serbia and Montenegro,3,1,0.3333333333333333,0.13217213114754098,high,True,0.327751385815806,False
1990-2018,dismissals_drawn,Slovakia,4,0,0.0,0.13217213114754098,low,False,1.0,False
1990-2018,dismissals_drawn,Slovenia,6,2,0.3333333333333333,0.13217213114754098,high,True,0.18847484239727996,False
1990-2018,dismissals_drawn,South Africa,9,3,0.3333333333333333,0.13217213114754098,high,True,0.11744222962414073,False
1990-2018,dismissals_drawn,South Korea,29,7,0.2413793103448276,0.13217213114754098,high,True,0.11130552295096652,False
1990-2018,dismissals_drawn,Soviet Union,3,0,0.0,0.13217213114754098,low,False,1.0,False
1990-2018,dismissals_drawn,Spain,35,4,0.11428571428571428,0.13217213114754098,low,False,1.0,False
1990-2018,dismissals_drawn,Sweden,23,5,0.21739130434782608,0.13217213114754098,high,True,0.2356539280217321,False
1990-2018,dismissals_drawn,Switzerland,19,1,0.05263157894736842,0.13217213114754098,low,False,0.5257622502036572,False
1990-2018,dismissals_drawn,Togo,3,0,0.0,0.13217213114754098,low,False,1.0,False
1990-2018,dismissals_drawn,Trinidad and Tobago,3,0,0.0,0.13217213114754098,low,False,1.0,False
1990-2018,dismissals_drawn,Tunisia,12,0,0.0,0.13217213114754098,low,False,0.4151080142123908,False
1990-2018,dismissals_drawn,Turkey,7,1,0.14285714285714285,0.13217213114754098,high,True,0.604869312108502,False
1990-2018,dismissals_drawn,Ukraine,5,1,0.2,0.13217213114754098,high,True,0.4844697197659935,False
1990-2018,dismissals_drawn,United Arab Emirates,3,0,0.0,0.13217213114754098,low,False,1.0,False
1990-2018,dismissals_drawn,United States,26,5,0.19230769230769232,0.13217213114754098,high,True,0.4003175837751623,False
1990-2018,dismissals_drawn,Uruguay,23,6,0.2608695652173913,0.13217213114754098,high,True,0.13170139094885908,False
1990-2018,dismissals_drawn,West Germany,7,4,0.5714285714285714,0.13217213114754098,high,True,0.014351202237804195,False
1990-2018,dismissals_drawn,Yugoslavia,9,1,0.1111111111111111,0.13217213114754098,low,False,1.0,False
1990-2018,pen_goals_for,Algeria,7,1,0.14285714285714285,0.1168032786885246,high,True,0.5598189218788271,False
1990-2018,pen_goals_for,Angola,3,0,0.0,0.1168032786885246,low,False,1.0,False
1990-2018,pen_goals_for,Argentina,40,4,0.1,0.1168032786885246,low,False,1.0,False
1990-2018,pen_goals_for,Australia,13,4,0.3076923076923077,0.1168032786885246,high,True,0.06670561941104129,False
1990-2018,pen_goals_for,Austria,6,1,0.16666666666666666,0.1168032786885246,high,True,0.5048936546443278,False
1990-2018,pen_goals_for,Belgium,27,1,0.037037037037037035,0.1168032786885246,low,False,0.382366552991952,False
1990-2018,pen_goals_for,Bolivia,3,0,0.0,0.1168032786885246,low,False,1.0,False
1990-2018,pen_goals_for,Bosnia and Herzegovina,3,0,0.0,0.1168032786885246,low,False,1.0,False
1990-2018,pen_goals_for,Brazil,47,5,0.10638297872340426,0.1168032786885246,low,False,1.0,False
1990-2018,pen_goals_for,Bulgaria,10,3,0.3,0.1168032786885246,high,True,0.11274195340996405,False
1990-2018,pen_goals_for,Cameroon,20,2,0.1,0.1168032786885246,low,False,1.0,False
1990-2018,pen_goals_for,Chile,12,0,0.0,0.1168032786885246,low,False,0.6536527733535733,False
1990-2018,pen_goals_for,China,3,0,0.0,0.1168032786885246,low,False,1.0,False
1990-2018,pen_goals_for,Colombia,19,2,0.10526315789473684,0.1168032786885246,low,False,1.0,False
1990-2018,pen_goals_for,Costa Rica,18,0,0.0,0.1168032786885246,low,False,0.28000941052186035,False
1990-2018,pen_goals_for,Croatia,23,2,0.08695652173913043,0.1168032786885246,low,False,1.0,False
1990-2018,pen_goals_for,Czech Republic,3,0,0.0,0.1168032786885246,low,False,1.0,False
1990-2018,pen_goals_for,Czechoslovakia,5,2,0.4,0.1168032786885246,high,True,0.11631719521595382,False
1990-2018,pen_goals_for,Denmark,16,2,0.125,0.1168032786885246,high,True,0.711334452543155,False
1990-2018,pen_goals_for,Ecuador,10,0,0.0,0.1168032786885246,low,False,0.6352116817696161,False
1990-2018,pen_goals_for,Egypt,6,2,0.3333333333333333,0.1168032786885246,high,True,0.15576711833166815,False
1990-2018,pen_goals_for,England,35,7,0.2,0.1168032786885246,high,True,0.1317910133823517,False
1990-2018,pen_goals_for,France,32,7,0.21875,0.1168032786885246,high,True,0.10412488750205433,False
1990-2018,pen_goals_for,Germany,41,2,0.04878048780487805,0.1168032786885246,low,False,0.2456617683399025,False
1990-2018,pen_goals_for,Ghana,12,3,0.25,0.1168032786885246,high,True,0.16599661780872046,False
1990-2018,pen_goals_for,Greece,10,1,0.1,0.1168032786885246,low,False,1.0,False
1990-2018,pen_goals_for,Honduras,6,0,0.0,0.1168032786885246,low,False,1.0,False
1990-2018,pen_goals_for,Iceland,3,1,0.3333333333333333,0.1168032786885246,high,True,0.2959806813159055,False
1990-2018,pen_goals_for,Iran,12,1,0.08333333333333333,0.1168032786885246,low,False,1.0,False
1990-2018,pen_goals_for,Italy,36,5,0.1388888888888889,0.1168032786885246,high,True,0.6160098709263727,False
1990-2018,pen_goals_for,Ivory Coast,9,2,0.2222222222222222,0.1168032786885246,high,True,0.28316425038304055,False
1990-2018,pen_goals_for,Jamaica,3,0,0.0,0.1168032786885246,low,False,1.0,False
1990-2018,pen_goals_for,Japan,21,1,0.047619047619047616,0.1168032786885246,low,False,0.5248983896905797,False
1990-2018,pen_goals_for,Mexico,28,5,0.17857142857142858,0.1168032786885246,high,True,0.26631123326215705,False
1990-2018,pen_goals_for,Morocco,9,0,0.0,0.1168032786885246,low,False,0.6309716612609129,False
1990-2018,pen_goals_for,Netherlands,34,3,0.08823529411764706,0.1168032786885246,low,False,0.801139367709989,False
1990-2018,pen_goals_for,New Zealand,3,0,0.0,0.1168032786885246,low,False,1.0,False
1990-2018,pen_goals_for,Nigeria,21,2,0.09523809523809523,0.1168032786885246,low,False,1.0,False
1990-2018,pen_goals_for,North Korea,3,0,0.0,0.1168032786885246,low,False,1.0,False
1990-2018,pen_goals_for,Norway,7,1,0.14285714285714285,0.1168032786885246,high,True,0.5598189218788271,False
1990-2018,pen_goals_for,Panama,3,0,0.0,0.1168032786885246,low,False,1.0,False
1990-2018,pen_goals_for,Paraguay,16,0,0.0,0.1168032786885246,low,False,0.27037110051139207,False
1990-2018,pen_goals_for,Peru,3,0,0.0,0.1168032786885246,low,False,1.0,False
1990-2018,pen_goals_for,Poland,9,0,0.0,0.1168032786885246,low,False,0.6309716612609129,False
1990-2018,pen_goals_for,Portugal,21,3,0.14285714285714285,0.1168032786885246,high,True,0.7390902600083412,False
1990-2018,pen_goals_for,Republic of Ireland,13,1,0.07692307692307693,0.1168032786885246,low,False,1.0,False
1990-2018,pen_goals_for,Romania,13,1,0.07692307692307693,0.1168032786885246,low,False,1.0,False
1990-2018,pen_goals_for,Russia,14,4,0.2857142857142857,0.1168032786885246,high,True,0.08234023469172376,False
1990-2018,pen_goals_for,Saudi Arabia,16,4,0.25,0.1168032786885246,high,True,0.11844186500778929,False
1990-2018,pen_goals_for,Scotland,6,2,0.3333333333333333,0.1168032786885246,high,True,0.15576711833166815,False
1990-2018,pen_goals_for,Senegal,8,1,0.125,0.1168032786885246,high,True,0.6086984941952662,False
1990-2018,pen_goals_for,Serbia,6,0,0.0,0.1168032786885246,low,False,1.0,False
1990-2018,pen_goals_for,Serbia and Montenegro,3,0,0.0,0.1168032786885246,low,False,1.0,False
1990-2018,pen_goals_for,Slovakia,4,1,0.25,0.1168032786885246,high,True,0.3738548981208626,False
1990-2018,pen_goals_for,Slovenia,6,0,0.0,0.1168032786885246,low,False,1.0,False
1990-2018,pen_goals_for,South Africa,9,2,0.2222222222222222,0.1168032786885246,high,True,0.28316425038304055,False
1990-2018,pen_goals_for,South Korea,29,0,0.0,0.1168032786885246,low,False,0.05290422386295078,False
1990-2018,pen_goals_for,Soviet Union,3,0,0.0,0.1168032786885246,low,False,1.0,False
1990-2018,pen_goals_for,Spain,35,10,0.2857142857142857,0.1168032786885246,high,True,0.008092662349702451,False
1990-2018,pen_goals_for,Sweden,23,4,0.17391304347826086,0.1168032786885246,high,True,0.34805351397321654,False
1990-2018,pen_goals_for,Switzerland,19,0,0.0,0.1168032786885246,low,False,0.17900470397244203,False
1990-2018,pen_goals_for,Togo,3,0,0.0,0.1168032786885246,low,False,1.0,False
1990-2018,pen_goals_for,Trinidad and Tobago,3,0,0.0,0.1168032786885246,low,False,1.0,False
1990-2018,pen_goals_for,Tunisia,12,2,0.16666666666666666,0.1168032786885246,high,True,0.409589376798635,False
1990-2018,pen_goals_for,Turkey,7,0,0.0,0.1168032786885246,low,False,1.0,False
1990-2018,pen_goals_for,Ukraine,5,1,0.2,0.1168032786885246,high,True,0.44318234688818386,False
1990-2018,pen_goals_for,United Arab Emirates,3,0,0.0,0.1168032786885246,low,False,1.0,False
1990-2018,pen_goals_for,United States,26,1,0.038461538461538464,0.1168032786885246,low,False,0.37845372117790504,False
1990-2018,pen_goals_for,Uruguay,23,3,0.13043478260869565,0.1168032786885246,high,True,0.7525231219646032,False
1990-2018,pen_goals_for,West Germany,7,2,0.2857142857142857,0.1168032786885246,high,True,0.19731685754374362,False
1990-2018,pen_goals_for,Yugoslavia,9,0,0.0,0.1168032786885246,low,False,0.6309716612609129,False
1990-2018,pen_goals_against,Algeria,7,0,0.0,0.1168032786885246,low,True,1.0,False
1990-2018,pen_goals_against,Angola,3,0,0.0,0.1168032786885246,low,True,1.0,False
1990-2018,pen_goals_against,Argentina,40,5,0.125,0.1168032786885246,high,False,0.8113672192169517,False
1990-2018,pen_goals_against,Australia,13,3,0.23076923076923078,0.1168032786885246,high,False,0.19497375460048022,False
1990-2018,pen_goals_against,Austria,6,1,0.16666666666666666,0.1168032786885246,high,False,0.5048936546443278,False
1990-2018,pen_goals_against,Belgium,27,3,0.1111111111111111,0.1168032786885246,low,True,1.0,False
1990-2018,pen_goals_against,Bolivia,3,1,0.3333333333333333,0.1168032786885246,high,False,0.2959806813159055,False
1990-2018,pen_goals_against,Bosnia and Herzegovina,3,0,0.0,0.1168032786885246,low,True,1.0,False
1990-2018,pen_goals_against,Brazil,47,4,0.0851063829787234,0.1168032786885246,low,True,0.6636792461551744,False
1990-2018,pen_goals_against,Bulgaria,10,3,0.3,0.1168032786885246,high,False,0.11274195340996405,False
1990-2018,pen_goals_against,Cameroon,20,3,0.15,0.1168032786885246,high,False,0.5088050739112301,False
1990-2018,pen_goals_against,Chile,12,2,0.16666666666666666,0.1168032786885246,high,False,0.409589376798635,False
1990-2018,pen_goals_against,China,3,1,0.3333333333333333,0.1168032786885246,high,False,0.2959806813159055,False
1990-2018,pen_goals_against,Colombia,19,2,0.10526315789473684,0.1168032786885246,low,True,1.0,False
1990-2018,pen_goals_against,Costa Rica,18,1,0.05555555555555555,0.1168032786885246,low,True,0.7276319809633879,False
1990-2018,pen_goals_against,Croatia,23,5,0.21739130434782608,0.1168032786885246,high,False,0.19871760324558652,False
1990-2018,pen_goals_against,Czech Republic,3,0,0.0,0.1168032786885246,low,True,1.0,False
1990-2018,pen_goals_against,Czechoslovakia,5,1,0.2,0.1168032786885246,high,False,0.44318234688818386,False
1990-2018,pen_goals_against,Denmark,16,2,0.125,0.1168032786885246,high,False,0.711334452543155,False
1990-2018,pen_goals_against,Ecuador,10,0,0.0,0.1168032786885246,low,True,0.6352116817696161,False
1990-2018,pen_goals_against,Egypt,6,1,0.16666666666666666,0.1168032786885246,high,False,0.5048936546443278,False
1990-2018,pen_goals_against,England,35,4,0.11428571428571428,0.1168032786885246,low,True,1.0,False
1990-2018,pen_goals_against,France,32,4,0.125,0.1168032786885246,high,False,0.7905346676527234,False
1990-2018,pen_goals_against,Germany,41,0,0.0,0.1168032786885246,low,True,0.016201983795592033,False
1990-2018,pen_goals_against,Ghana,12,1,0.08333333333333333,0.1168032786885246,low,True,1.0,False
1990-2018,pen_goals_against,Greece,10,3,0.3,0.1168032786885246,high,False,0.11274195340996405,False
1990-2018,pen_goals_against,Honduras,6,1,0.16666666666666666,0.1168032786885246,high,False,0.5048936546443278,False
1990-2018,pen_goals_against,Iceland,3,0,0.0,0.1168032786885246,low,True,1.0,False
1990-2018,pen_goals_against,Iran,12,1,0.08333333333333333,0.1168032786885246,low,True,1.0,False
1990-2018,pen_goals_against,Italy,36,3,0.08333333333333333,0.1168032786885246,low,True,0.8021628989455627,False
1990-2018,pen_goals_against,Ivory Coast,9,1,0.1111111111111111,0.1168032786885246,low,True,1.0,False
1990-2018,pen_goals_against,Jamaica,3,1,0.3333333333333333,0.1168032786885246,high,False,0.2959806813159055,False
1990-2018,pen_goals_against,Japan,21,1,0.047619047619047616,0.1168032786885246,low,True,0.5248983896905797,False
1990-2018,pen_goals_against,Mexico,28,3,0.10714285714285714,0.1168032786885246,low,True,1.0,False
1990-2018,pen_goals_against,Morocco,9,1,0.1111111111111111,0.1168032786885246,low,True,1.0,False
1990-2018,pen_goals_against,Netherlands,34,5,0.14705882352941177,0.1168032786885246,high,False,0.6025948890484207,False
1990-2018,pen_goals_against,New Zealand,3,1,0.3333333333333333,0.1168032786885246,high,False,0.2959806813159055,False
1990-2018,pen_goals_against,Nigeria,21,3,0.14285714285714285,0.1168032786885246,high,False,0.7390902600083412,False
1990-2018,pen_goals_against,North Korea,3,0,0.0,0.1168032786885246,low,True,1.0,False
1990-2018,pen_goals_against,Norway,7,0,0.0,0.1168032786885246,low,True,1.0,False
1990-2018,pen_goals_against,Panama,3,2,0.6666666666666666,0.1168032786885246,high,False,0.04852476457391131,False
1990-2018,pen_goals_against,Paraguay,16,2,0.125,0.1168032786885246,high,False,0.711334452543155,False
1990-2018,pen_goals_against,Peru,3,0,0.0,0.1168032786885246,low,True,1.0,False
1990-2018,pen_goals_against,Poland,9,0,0.0,0.1168032786885246,low,True,0.6309716612609129,False
1990-2018,pen_goals_against,Portugal,21,3,0.14285714285714285,0.1168032786885246,high,False,0.7390902600083412,False
1990-2018,pen_goals_against,Republic of Ireland,13,0,0.0,0.1168032786885246,low,True,0.4118028301476984,False
1990-2018,pen_goals_against,Romania,13,3,0.23076923076923078,0.1168032786885246,high,False,0.19497375460048022,False
1990-2018,pen_goals_against,Russia,14,3,0.21428571428571427,0.1168032786885246,high,False,0.22509412629056794,False
1990-2018,pen_goals_against,Saudi Arabia,16,1,0.0625,0.1168032786885246,low,True,1.0,False
1990-2018,pen_goals_against,Scotland,6,0,0.0,0.1168032786885246,low,True,1.0,False
1990-2018,pen_goals_against,Senegal,8,2,0.25,0.1168032786885246,high,False,0.2400342655858477,False
1990-2018,pen_goals_against,Serbia,6,1,0.16666666666666666,0.1168032786885246,high,False,0.5048936546443278,False
1990-2018,pen_goals_against,Serbia and Montenegro,3,2,0.6666666666666666,0.1168032786885246,high,False,0.04852476457391131,False
1990-2018,pen_goals_against,Slovakia,4,0,0.0,0.1168032786885246,low,True,1.0,False
1990-2018,pen_goals_against,Slovenia,6,1,0.16666666666666666,0.1168032786885246,high,False,0.5048936546443278,False
1990-2018,pen_goals_against,South Africa,9,3,0.3333333333333333,0.1168032786885246,high,False,0.08910953451041849,False
1990-2018,pen_goals_against,South Korea,29,3,0.10344827586206896,0.1168032786885246,low,True,1.0,False
1990-2018,pen_goals_against,Soviet Union,3,1,0.3333333333333333,0.1168032786885246,high,False,0.2959806813159055,False
1990-2018,pen_goals_against,Spain,35,3,0.08571428571428572,0.1168032786885246,low,True,0.8013152222118403,False
1990-2018,pen_goals_against,Sweden,23,2,0.08695652173913043,0.1168032786885246,low,True,1.0,False
1990-2018,pen_goals_against,Switzerland,19,1,0.05263157894736842,0.1168032786885246,low,True,0.7300282522662629,False
1990-2018,pen_goals_against,Togo,3,0,0.0,0.1168032786885246,low,True,1.0,False
1990-2018,pen_goals_against,Trinidad and Tobago,3,0,0.0,0.1168032786885246,low,True,1.0,False
1990-2018,pen_goals_against,Tunisia,12,4,0.3333333333333333,0.1168032786885246,high,False,0.05279168417025418,False
1990-2018,pen_goals_against,Turkey,7,1,0.14285714285714285,0.1168032786885246,high,False,0.5598189218788271,False
1990-2018,pen_goals_against,Ukraine,5,1,0.2,0.1168032786885246,high,False,0.44318234688818386,False
1990-2018,pen_goals_against,United Arab Emirates,3,0,0.0,0.1168032786885246,low,True,1.0,False
1990-2018,pen_goals_against,United States,26,2,0.07692307692307693,0.1168032786885246,low,True,0.7730077215811151,False
1990-2018,pen_goals_against,Uruguay,23,1,0.043478260869565216,0.1168032786885246,low,True,0.5295429058683531,False
1990-2018,pen_goals_against,West Germany,7,1,0.14285714285714285,0.1168032786885246,high,False,0.5598189218788271,False
1990-2018,pen_goals_against,Yugoslavia,9,0,0.0,0.1168032786885246,low,True,0.6309716612609129,False
2022,yellows_received,Argentina,7,17,2.4285714285714284,1.7734375,high,False,0.18653238324329438,False
2022,yellows_received,Australia,4,7,1.75,1.7734375,low,True,1.0,False
2022,yellows_received,Belgium,3,5,1.6666666666666667,1.7734375,low,True,1.0,False
2022,yellows_received,Brazil,5,6,1.2,1.7734375,low,True,0.39398723563205096,False
2022,yellows_received,Cameroon,3,8,2.6666666666666665,1.7734375,high,False,0.2639819780640982,False
2022,yellows_received,Canada,3,8,2.6666666666666665,1.7734375,high,False,0.2639819780640982,False
2022,yellows_received,Costa Rica,3,6,2.0,1.7734375,high,False,0.6602475011047512,False
2022,yellows_received,Croatia,7,8,1.1428571428571428,1.7734375,low,True,0.24182083272766908,False
2022,yellows_received,Denmark,3,5,1.6666666666666667,1.7734375,low,True,1.0,False
2022,yellows_received,Ecuador,3,3,1.0,1.7734375,low,True,0.5042680215655709,False
2022,yellows_received,England,5,1,0.2,1.7734375,low,True,0.002848683542439054,False
2022,yellows_received,France,7,8,1.1428571428571428,1.7734375,low,True,0.24182083272766908,False
2022,yellows_received,Germany,3,3,1.0,1.7734375,low,True,0.5042680215655709,False
2022,yellows_received,Ghana,3,8,2.6666666666666665,1.7734375,high,False,0.2639819780640982,False
2022,yellows_received,Iran,3,7,2.3333333333333335,1.7734375,high,False,0.38216985798921393,False
2022,yellows_received,Japan,4,6,1.5,1.7734375,low,True,0.8487442224628288,False
2022,yellows_received,Mexico,3,7,2.3333333333333335,1.7734375,high,False,0.38216985798921393,False
2022,yellows_received,Morocco,7,9,1.2857142857142858,1.7734375,low,True,0.38179788899095146,False
2022,yellows_received,Netherlands,5,12,2.4,1.7734375,high,False,0.29934680278525194,False
2022,yellows_received,Poland,4,7,1.75,1.7734375,low,True,1.0,False
2022,yellows_received,Portugal,5,6,1.2,1.7734375,low,True,0.39398723563205096,False
2022,yellows_received,Qatar,3,7,2.3333333333333335,1.7734375,high,False,0.38216985798921393,False
2022,yellows_received,Saudi Arabia,3,14,4.666666666666667,1.7734375,high,False,0.0010602649805904773,False
2022,yellows_received,Senegal,4,7,1.75,1.7734375,low,True,1.0,False
2022,yellows_received,Serbia,3,12,4.0,1.7734375,high,False,0.012461054810063342,False
2022,yellows_received,South Korea,4,6,1.5,1.7734375,low,True,0.8487442224628288,False
2022,yellows_received,Spain,4,2,0.5,1.7734375,low,True,0.05335608796601374,False
2022,yellows_received,Switzerland,4,9,2.25,1.7734375,high,False,0.44161349619744533,False
2022,yellows_received,Tunisia,3,5,1.6666666666666667,1.7734375,low,True,1.0,False
2022,yellows_received,United States,4,5,1.25,1.7734375,low,True,0.5660475937261906,False
2022,yellows_received,Uruguay,3,8,2.6666666666666665,1.7734375,high,False,0.2639819780640982,False
2022,yellows_received,Wales,3,5,1.6666666666666667,1.7734375,low,True,1.0,False
2022,dismissals_received,Argentina,7,0,0.0,0.03125,low,True,1.0,False
2022,dismissals_received,Australia,4,0,0.0,0.03125,low,True,1.0,False
2022,dismissals_received,Belgium,3,0,0.0,0.03125,low,True,1.0,False
2022,dismissals_received,Brazil,5,0,0.0,0.03125,low,True,1.0,False
2022,dismissals_received,Cameroon,3,1,0.3333333333333333,0.03125,high,False,0.09050529822707178,False
2022,dismissals_received,Canada,3,0,0.0,0.03125,low,True,1.0,False
2022,dismissals_received,Costa Rica,3,0,0.0,0.03125,low,True,1.0,False
2022,dismissals_received,Croatia,7,0,0.0,0.03125,low,True,1.0,False
2022,dismissals_received,Denmark,3,0,0.0,0.03125,low,True,1.0,False
2022,dismissals_received,Ecuador,3,0,0.0,0.03125,low,True,1.0,False
2022,dismissals_received,England,5,0,0.0,0.03125,low,True,1.0,False
2022,dismissals_received,France,7,0,0.0,0.03125,low,True,1.0,False
2022,dismissals_received,Germany,3,0,0.0,0.03125,low,True,1.0,False
2022,dismissals_received,Ghana,3,0,0.0,0.03125,low,True,1.0,False
2022,dismissals_received,Iran,3,0,0.0,0.03125,low,True,1.0,False
2022,dismissals_received,Japan,4,0,0.0,0.03125,low,True,1.0,False
2022,dismissals_received,Mexico,3,0,0.0,0.03125,low,True,1.0,False
2022,dismissals_received,Morocco,7,1,0.14285714285714285,0.03125,high,False,0.20145094022154808,False
2022,dismissals_received,Netherlands,5,1,0.2,0.03125,high,False,0.14733081683516505,False
2022,dismissals_received,Poland,4,0,0.0,0.03125,low,True,1.0,False
2022,dismissals_received,Portugal,5,0,0.0,0.03125,low,True,1.0,False
2022,dismissals_received,Qatar,3,0,0.0,0.03125,low,True,1.0,False
2022,dismissals_received,Saudi Arabia,3,0,0.0,0.03125,low,True,1.0,False
2022,dismissals_received,Senegal,4,0,0.0,0.03125,low,True,1.0,False
2022,dismissals_received,Serbia,3,0,0.0,0.03125,low,True,1.0,False
2022,dismissals_received,South Korea,4,0,0.0,0.03125,low,True,1.0,False
2022,dismissals_received,Spain,4,0,0.0,0.03125,low,True,1.0,False
2022,dismissals_received,Switzerland,4,0,0.0,0.03125,low,True,1.0,False
2022,dismissals_received,Tunisia,3,0,0.0,0.03125,low,True,1.0,False
2022,dismissals_received,United States,4,0,0.0,0.03125,low,True,1.0,False
2022,dismissals_received,Uruguay,3,0,0.0,0.03125,low,True,1.0,False
2022,dismissals_received,Wales,3,1,0.3333333333333333,0.03125,high,False,0.09050529822707178,False
2022,yellows_drawn,Argentina,7,26,3.7142857142857144,1.7734375,high,True,0.0003686133705197761,True
2022,yellows_drawn,Australia,4,4,1.0,1.7734375,low,False,0.33629057791583894,False
2022,yellows_drawn,Belgium,3,3,1.0,1.7734375,low,False,0.5042680215655709,False
2022,yellows_drawn,Brazil,5,12,2.4,1.7734375,high,True,0.29934680278525194,False
2022,yellows_drawn,Cameroon,3,6,2.0,1.7734375,high,True,0.6602475011047512,False
2022,yellows_drawn,Canada,3,5,1.6666666666666667,1.7734375,low,False,1.0,False
2022,yellows_drawn,Costa Rica,3,3,1.0,1.7734375,low,False,0.5042680215655709,False
2022,yellows_drawn,Croatia,7,11,1.5714285714285714,1.7734375,low,False,0.883350537415964,False
2022,yellows_drawn,Denmark,3,4,1.3333333333333333,1.7734375,low,False,0.8243474329513749,False
2022,yellows_drawn,Ecuador,3,5,1.6666666666666667,1.7734375,low,False,1.0,False
2022,yellows_drawn,England,5,8,1.6,1.7734375,low,False,1.0,False
2022,yellows_drawn,France,7,15,2.142857142857143,1.7734375,high,True,0.4628734459974426,False
2022,yellows_drawn,Germany,3,2,0.6666666666666666,1.7734375,low,False,0.18597797731352153,False
2022,yellows_drawn,Ghana,3,9,3.0,1.7734375,high,True,0.11814566421554544,False
2022,yellows_drawn,Iran,3,2,0.6666666666666666,1.7734375,low,False,0.18597797731352153,False
2022,yellows_drawn,Japan,4,5,1.25,1.7734375,low,False,0.5660475937261906,False
2022,yellows_drawn,Mexico,3,8,2.6666666666666665,1.7734375,high,True,0.2639819780640982,False
2022,yellows_drawn,Morocco,7,7,1.0,1.7734375,low,False,0.1419087741337271,False
2022,yellows_drawn,Netherlands,5,11,2.2,1.7734375,high,True,0.48943225218042924,False
2022,yellows_drawn,Poland,4,6,1.5,1.7734375,low,False,0.8487442224628288,False
2022,yellows_drawn,Portugal,5,13,2.6,1.7734375,high,True,0.16658588720319503,False
2022,yellows_drawn,Qatar,3,6,2.0,1.7734375,high,True,0.6602475011047512,False
2022,yellows_drawn,Saudi Arabia,3,4,1.3333333333333333,1.7734375,low,False,0.8243474329513749,False
2022,yellows_drawn,Senegal,4,4,1.0,1.7734375,low,False,0.33629057791583894,False
2022,yellows_drawn,Serbia,3,6,2.0,1.7734375,high,True,0.6602475011047512,False
2022,yellows_drawn,South Korea,4,3,0.75,1.7734375,low,False,0.17573471598038093,False
2022,yellows_drawn,Spain,4,9,2.25,1.7734375,high,True,0.44161349619744533,False
2022,yellows_drawn,Switzerland,4,9,2.25,1.7734375,high,True,0.44161349619744533,False
2022,yellows_drawn,Tunisia,3,2,0.6666666666666666,1.7734375,low,False,0.18597797731352153,False
2022,yellows_drawn,United States,4,7,1.75,1.7734375,low,False,1.0,False
2022,yellows_drawn,Uruguay,3,6,2.0,1.7734375,high,True,0.6602475011047512,False
2022,yellows_drawn,Wales,3,6,2.0,1.7734375,high,True,0.6602475011047512,False
2022,dismissals_drawn,Argentina,7,1,0.14285714285714285,0.03125,high,True,0.20145094022154808,False
2022,dismissals_drawn,Australia,4,0,0.0,0.03125,low,False,1.0,False
2022,dismissals_drawn,Belgium,3,0,0.0,0.03125,low,False,1.0,False
2022,dismissals_drawn,Brazil,5,1,0.2,0.03125,high,True,0.14733081683516505,False
2022,dismissals_drawn,Cameroon,3,0,0.0,0.03125,low,False,1.0,False
2022,dismissals_drawn,Canada,3,0,0.0,0.03125,low,False,1.0,False
2022,dismissals_drawn,Costa Rica,3,0,0.0,0.03125,low,False,1.0,False
2022,dismissals_drawn,Croatia,7,0,0.0,0.03125,low,False,1.0,False
2022,dismissals_drawn,Denmark,3,0,0.0,0.03125,low,False,1.0,False
2022,dismissals_drawn,Ecuador,3,0,0.0,0.03125,low,False,1.0,False
2022,dismissals_drawn,England,5,0,0.0,0.03125,low,False,1.0,False
2022,dismissals_drawn,France,7,0,0.0,0.03125,low,False,1.0,False
2022,dismissals_drawn,Germany,3,0,0.0,0.03125,low,False,1.0,False
2022,dismissals_drawn,Ghana,3,0,0.0,0.03125,low,False,1.0,False
2022,dismissals_drawn,Iran,3,1,0.3333333333333333,0.03125,high,True,0.09050529822707178,False
2022,dismissals_drawn,Japan,4,0,0.0,0.03125,low,False,1.0,False
2022,dismissals_drawn,Mexico,3,0,0.0,0.03125,low,False,1.0,False
2022,dismissals_drawn,Morocco,7,0,0.0,0.03125,low,False,1.0,False
2022,dismissals_drawn,Netherlands,5,0,0.0,0.03125,low,False,1.0,False
2022,dismissals_drawn,Poland,4,0,0.0,0.03125,low,False,1.0,False
2022,dismissals_drawn,Portugal,5,1,0.2,0.03125,high,True,0.14733081683516505,False
2022,dismissals_drawn,Qatar,3,0,0.0,0.03125,low,False,1.0,False
2022,dismissals_drawn,Saudi Arabia,3,0,0.0,0.03125,low,False,1.0,False
2022,dismissals_drawn,Senegal,4,0,0.0,0.03125,low,False,1.0,False
2022,dismissals_drawn,Serbia,3,0,0.0,0.03125,low,False,1.0,False
2022,dismissals_drawn,South Korea,4,0,0.0,0.03125,low,False,1.0,False
2022,dismissals_drawn,Spain,4,0,0.0,0.03125,low,False,1.0,False
2022,dismissals_drawn,Switzerland,4,0,0.0,0.03125,low,False,1.0,False
2022,dismissals_drawn,Tunisia,3,0,0.0,0.03125,low,False,1.0,False
2022,dismissals_drawn,United States,4,0,0.0,0.03125,low,False,1.0,False
2022,dismissals_drawn,Uruguay,3,0,0.0,0.03125,low,False,1.0,False
2022,dismissals_drawn,Wales,3,0,0.0,0.03125,low,False,1.0,False
2022,pen_goals_for,Argentina,7,4,0.5714285714285714,0.1328125,high,True,0.011984420749360434,False
2022,pen_goals_for,Australia,4,0,0.0,0.1328125,low,False,1.0,False
2022,pen_goals_for,Belgium,3,0,0.0,0.1328125,low,False,1.0,False
2022,pen_goals_for,Brazil,5,1,0.2,0.1328125,high,True,0.49205415697356525,False
2022,pen_goals_for,Cameroon,3,0,0.0,0.1328125,low,False,1.0,False
2022,pen_goals_for,Canada,3,0,0.0,0.1328125,low,False,1.0,False
2022,pen_goals_for,Costa Rica,3,0,0.0,0.1328125,low,False,1.0,False
2022,pen_goals_for,Croatia,7,0,0.0,0.1328125,low,False,1.0,False
2022,pen_goals_for,Denmark,3,0,0.0,0.1328125,low,False,1.0,False
2022,pen_goals_for,Ecuador,3,1,0.3333333333333333,0.1328125,high,True,0.33180882247695115,False
2022,pen_goals_for,England,5,1,0.2,0.1328125,high,True,0.49205415697356525,False
2022,pen_goals_for,France,7,2,0.2857142857142857,0.1328125,high,True,0.23755647113159944,False
2022,pen_goals_for,Germany,3,1,0.3333333333333333,0.1328125,high,True,0.33180882247695115,False
2022,pen_goals_for,Ghana,3,0,0.0,0.1328125,low,False,1.0,False
2022,pen_goals_for,Iran,3,1,0.3333333333333333,0.1328125,high,True,0.33180882247695115,False
2022,pen_goals_for,Japan,4,0,0.0,0.1328125,low,False,1.0,False
2022,pen_goals_for,Mexico,3,0,0.0,0.1328125,low,False,1.0,False
2022,pen_goals_for,Morocco,7,0,0.0,0.1328125,low,False,1.0,False
2022,pen_goals_for,Netherlands,5,0,0.0,0.1328125,low,False,1.0,False
2022,pen_goals_for,Poland,4,1,0.25,0.1328125,high,True,0.4170931435501799,False
2022,pen_goals_for,Portugal,5,2,0.4,0.1328125,high,True,0.14103467195529726,False
2022,pen_goals_for,Qatar,3,0,0.0,0.1328125,low,False,1.0,False
2022,pen_goals_for,Saudi Arabia,3,0,0.0,0.1328125,low,False,1.0,False
2022,pen_goals_for,Senegal,4,1,0.25,0.1328125,high,True,0.4170931435501799,False
2022,pen_goals_for,Serbia,3,0,0.0,0.1328125,low,False,1.0,False
2022,pen_goals_for,South Korea,4,0,0.0,0.1328125,low,False,1.0,False
2022,pen_goals_for,Spain,4,1,0.25,0.1328125,high,True,0.4170931435501799,False
2022,pen_goals_for,Switzerland,4,0,0.0,0.1328125,low,False,1.0,False
2022,pen_goals_for,Tunisia,3,0,0.0,0.1328125,low,False,1.0,False
2022,pen_goals_for,United States,4,0,0.0,0.1328125,low,False,1.0,False
2022,pen_goals_for,Uruguay,3,0,0.0,0.1328125,low,False,1.0,False
2022,pen_goals_for,Wales,3,1,0.3333333333333333,0.1328125,high,True,0.33180882247695115,False
2022,pen_goals_against,Argentina,7,2,0.2857142857142857,0.1328125,high,False,0.23755647113159944,False
2022,pen_goals_against,Australia,4,0,0.0,0.1328125,low,True,1.0,False
2022,pen_goals_against,Belgium,3,0,0.0,0.1328125,low,True,1.0,False
2022,pen_goals_against,Brazil,5,0,0.0,0.1328125,low,True,1.0,False
2022,pen_goals_against,Cameroon,3,0,0.0,0.1328125,low,True,1.0,False
2022,pen_goals_against,Canada,3,0,0.0,0.1328125,low,True,1.0,False
2022,pen_goals_against,Costa Rica,3,1,0.3333333333333333,0.1328125,high,False,0.33180882247695115,False
2022,pen_goals_against,Croatia,7,1,0.14285714285714285,0.1328125,high,False,0.6156013875288482,False
2022,pen_goals_against,Denmark,3,0,0.0,0.1328125,low,True,1.0,False
2022,pen_goals_against,Ecuador,3,1,0.3333333333333333,0.1328125,high,False,0.33180882247695115,False
2022,pen_goals_against,England,5,1,0.2,0.1328125,high,False,0.49205415697356525,False
2022,pen_goals_against,France,7,3,0.42857142857142855,0.1328125,high,False,0.06259353461717047,False
2022,pen_goals_against,Germany,3,0,0.0,0.1328125,low,True,1.0,False
2022,pen_goals_against,Ghana,3,1,0.3333333333333333,0.1328125,high,False,0.33180882247695115,False
2022,pen_goals_against,Iran,3,0,0.0,0.1328125,low,True,1.0,False
2022,pen_goals_against,Japan,4,1,0.25,0.1328125,high,False,0.4170931435501799,False
2022,pen_goals_against,Mexico,3,0,0.0,0.1328125,low,True,1.0,False
2022,pen_goals_against,Morocco,7,0,0.0,0.1328125,low,True,1.0,False
2022,pen_goals_against,Netherlands,5,1,0.2,0.1328125,high,False,0.49205415697356525,False
2022,pen_goals_against,Poland,4,0,0.0,0.1328125,low,True,1.0,False
2022,pen_goals_against,Portugal,5,0,0.0,0.1328125,low,True,1.0,False
2022,pen_goals_against,Qatar,3,1,0.3333333333333333,0.1328125,high,False,0.33180882247695115,False
2022,pen_goals_against,Saudi Arabia,3,1,0.3333333333333333,0.1328125,high,False,0.33180882247695115,False
2022,pen_goals_against,Senegal,4,0,0.0,0.1328125,low,True,1.0,False
2022,pen_goals_against,Serbia,3,0,0.0,0.1328125,low,True,1.0,False
2022,pen_goals_against,South Korea,4,1,0.25,0.1328125,high,False,0.4170931435501799,False
2022,pen_goals_against,Spain,4,0,0.0,0.1328125,low,True,1.0,False
2022,pen_goals_against,Switzerland,4,0,0.0,0.1328125,low,True,1.0,False
2022,pen_goals_against,Tunisia,3,0,0.0,0.1328125,low,True,1.0,False
2022,pen_goals_against,United States,4,1,0.25,0.1328125,high,False,0.4170931435501799,False
2022,pen_goals_against,Uruguay,3,1,0.3333333333333333,0.1328125,high,False,0.33180882247695115,False
2022,pen_goals_against,Wales,3,0,0.0,0.1328125,low,True,1.0,False
