competition,year,player,team,pos,minutes,tackles_won,fouls_committed,fouls_drawn,cards,fpt,cpf
FIFA World Cup,2018,Gabriel Mercado,Argentina,DF,270,4,8,5,1,2.0,0.12
FIFA World Cup,2018,Javier Mascherano,Argentina,MF,360,7,15,7,2,2.14,0.13
FIFA World Cup,2018,Lionel Messi,Argentina,MF,360,5,4,17,1,0.8,0.25
FIFA World Cup,2018,Nicolás Otamendi,Argentina,DF,360,7,4,5,2,0.57,0.5
FIFA World Cup,2018,Nicolás Tagliafico,Argentina,DF,349,3,6,7,1,2.0,0.17
FIFA World Cup,2018,Éver Banega,Argentina,MF,217,6,3,3,2,0.5,0.67
FIFA World Cup,2018,Aziz Behich,Australia,DF,270,3,4,2,1,1.33,0.25
FIFA World Cup,2018,Josh Risdon,Australia,DF,270,8,4,1,1,0.5,0.25
FIFA World Cup,2018,Mark Milligan,Australia,DF,270,4,3,0,1,0.75,0.33
FIFA World Cup,2018,Mile Jedinak,Australia,MF,270,5,6,2,1,1.2,0.17
FIFA World Cup,2018,Robbie Kruse,Australia,MF,207,4,2,8,0,0.5,0.0
FIFA World Cup,2018,Axel Witsel,Belgium,MF,539,5,10,9,1,2.0,0.1
FIFA World Cup,2018,Eden Hazard,Belgium,MF,517,5,6,27,1,1.2,0.17
FIFA World Cup,2018,Jan Vertonghen,Belgium,DF,540,8,5,3,2,0.62,0.4
FIFA World Cup,2018,Kevin De Bruyne,Belgium,MF,540,5,5,3,1,1.0,0.2
FIFA World Cup,2018,Marouane Fellaini,Belgium,MF,317,6,11,6,0,1.83,0.0
FIFA World Cup,2018,Nacer Chadli,Belgium,DF,326,3,2,1,0,0.67,0.0
FIFA World Cup,2018,Thomas Meunier,Belgium,DF,450,6,9,1,2,1.5,0.22
FIFA World Cup,2018,Toby Alderweireld,Belgium,DF,540,7,4,1,2,0.57,0.5
FIFA World Cup,2018,Vincent Kompany,Belgium,DF,377,4,7,1,0,1.75,0.0
FIFA World Cup,2018,Yannick Carrasco,Belgium,DF,238,3,5,5,0,1.67,0.0
FIFA World Cup,2018,Casemiro,Brazil,MF,329,10,4,2,2,0.4,0.5
FIFA World Cup,2018,Fagner,Brazil,DF,360,5,7,3,1,1.4,0.14
FIFA World Cup,2018,Gabriel Jesus,Brazil,FW,404,6,6,3,0,1.0,0.0
FIFA World Cup,2018,Marcelo,Brazil,DF,279,4,1,3,0,0.25,0.0
FIFA World Cup,2018,Miranda,Brazil,DF,450,7,8,4,0,1.14,0.0
FIFA World Cup,2018,Neymar,Brazil,FW,450,3,4,26,1,1.33,0.25
FIFA World Cup,2018,Paulinho,Brazil,MF,349,6,3,6,0,0.5,0.0
FIFA World Cup,2018,Philippe Coutinho,Brazil,MF,434,5,3,7,1,0.6,0.33
FIFA World Cup,2018,Thiago Silva,Brazil,DF,450,4,2,3,0,0.5,0.0
FIFA World Cup,2018,Willian,Brazil,FW,359,3,5,10,0,1.67,0.0
FIFA World Cup,2018,Davinson Sánchez,Colombia,DF,390,4,3,2,0,0.75,0.0
FIFA World Cup,2018,Johan Mojica,Colombia,DF,390,6,3,2,1,0.5,0.33
FIFA World Cup,2018,Juan Quintero,Colombia,MF,307,3,1,3,0,0.33,0.0
FIFA World Cup,2018,Mateus Uribe,Colombia,MF,183,4,2,1,0,0.5,0.0
FIFA World Cup,2018,Santiago Arias,Colombia,DF,385,3,9,5,1,3.0,0.11
FIFA World Cup,2018,Wílmar Barrios,Colombia,MF,270,12,8,3,2,0.67,0.25
FIFA World Cup,2018,Yerry Mina,Colombia,DF,300,3,6,5,0,2.0,0.0
FIFA World Cup,2018,Bryan Oviedo,Costa Rica,DF,180,3,4,0,0,1.33,0.0
FIFA World Cup,2018,Celso Borges,Costa Rica,MF,270,3,2,0,0,0.67,0.0
FIFA World Cup,2018,Cristian Gamboa,Costa Rica,DF,253,8,4,6,1,0.5,0.25
FIFA World Cup,2018,Johnny Acosta,Costa Rica,DF,270,3,1,5,1,0.33,1.0
FIFA World Cup,2018,Ante Rebić,Croatia,MF,543,7,21,11,2,3.0,0.1
FIFA World Cup,2018,Dejan Lovren,Croatia,DF,651,5,7,6,1,1.4,0.14
FIFA World Cup,2018,Domagoj Vida,Croatia,DF,630,4,2,2,1,0.5,0.5
FIFA World Cup,2018,Ivan Perišić,Croatia,MF,629,6,5,5,0,0.83,0.0
FIFA World Cup,2018,Ivan Rakitić,Croatia,MF,640,3,9,20,1,3.0,0.11
FIFA World Cup,2018,Ivan Strinić,Croatia,DF,508,6,10,8,1,1.67,0.1
FIFA World Cup,2018,Luka Modrić,Croatia,MF,691,6,12,12,0,2.0,0.0
FIFA World Cup,2018,Marcelo Brozović,Croatia,MF,459,10,5,6,1,0.5,0.2
FIFA World Cup,2018,Mario Mandžukić,Croatia,FW,605,11,13,12,2,1.18,0.15
FIFA World Cup,2018,Mateo Kovačić,Croatia,MF,185,6,3,7,0,0.5,0.0
FIFA World Cup,2018,Šime Vrsaljko,Croatia,DF,606,4,10,7,2,2.5,0.2
FIFA World Cup,2018,Henrik Dalsgaard,Denmark,DF,390,9,8,1,0,0.89,0.0
FIFA World Cup,2018,Lasse Schöne,Denmark,MF,221,3,2,2,0,0.67,0.0
FIFA World Cup,2018,Pione Sisto,Denmark,FW,230,3,0,6,1,0.0,
FIFA World Cup,2018,Thomas Delaney,Denmark,MF,366,6,12,3,1,2.0,0.08
FIFA World Cup,2018,Yussuf Poulsen,Denmark,FW,268,3,9,2,2,3.0,0.22
FIFA World Cup,2018,Abdallah Said,Egypt,MF,224,3,0,2,0,0.0,
FIFA World Cup,2018,Ahmed Fathy,Egypt,DF,270,6,7,1,1,1.17,0.14
FIFA World Cup,2018,Ali Gabr,Egypt,DF,270,4,2,1,1,0.5,0.5
FIFA World Cup,2018,Mohamed Abdel-Shafy,Egypt,DF,270,3,2,2,0,0.67,0.0
FIFA World Cup,2018,Tarek Hamed,Egypt,MF,229,5,6,3,0,1.2,0.0
FIFA World Cup,2018,Trézéguet,Egypt,FW,237,5,5,1,1,1.0,0.2
FIFA World Cup,2018,Ashley Young,England,FW,461,3,4,3,0,1.33,0.0
FIFA World Cup,2018,Dele Alli,England,MF,362,5,3,9,0,0.6,0.0
FIFA World Cup,2018,Eric Dier,England,MF,251,4,5,4,0,1.25,0.0
FIFA World Cup,2018,Fabian Delph,England,MF,222,3,1,3,0,0.33,0.0
FIFA World Cup,2018,Harry Maguire,England,DF,645,4,8,6,2,2.0,0.25
FIFA World Cup,2018,Jesse Lingard,England,MF,526,3,9,5,1,3.0,0.11
FIFA World Cup,2018,John Stones,England,DF,645,8,4,4,1,0.5,0.25
FIFA World Cup,2018,Jordan Henderson,England,MF,480,3,3,3,1,1.0,0.33
FIFA World Cup,2018,Kieran Trippier,England,FW,579,6,6,6,0,1.0,0.0
FIFA World Cup,2018,Kyle Walker,England,DF,493,3,2,5,2,0.67,1.0
FIFA World Cup,2018,Antoine Griezmann,France,MF,566,8,6,11,0,0.75,0.0
FIFA World Cup,2018,Benjamin Pavard,France,DF,540,11,9,5,1,0.82,0.11
FIFA World Cup,2018,Blaise Matuidi,France,FW,334,10,11,5,2,1.1,0.18
FIFA World Cup,2018,Kylian Mbappé,France,FW,532,6,1,14,2,0.17,2.0
FIFA World Cup,2018,Lucas Hernández,France,DF,589,7,8,15,2,1.14,0.25
FIFA World Cup,2018,N'Golo Kanté,France,MF,593,12,11,4,2,0.92,0.18
FIFA World Cup,2018,Olivier Giroud,France,FW,545,3,14,4,1,4.67,0.07
FIFA World Cup,2018,Paul Pogba,France,MF,538,11,14,17,1,1.27,0.07
FIFA World Cup,2018,Samuel Umtiti,France,DF,540,3,6,9,0,2.0,0.0
FIFA World Cup,2018,Mats Hummels,Germany,DF,180,4,3,1,1,0.75,0.33
FIFA World Cup,2018,Thomas Müller,Germany,FW,208,4,3,1,1,0.75,0.33
FIFA World Cup,2018,Toni Kroos,Germany,MF,270,4,1,6,0,0.25,0.0
FIFA World Cup,2018,Birkir Bjarnason,Iceland,MF,269,3,5,4,0,1.67,0.0
FIFA World Cup,2018,Emil Hallfreðsson,Iceland,MF,180,3,3,6,1,1.0,0.33
FIFA World Cup,2018,Gylfi Sigurðsson,Iceland,MF,270,5,2,4,0,0.4,0.0
FIFA World Cup,2018,Hörður Magnússon,Iceland,DF,270,4,4,0,0,1.0,0.0
FIFA World Cup,2018,Kári Árnason,Iceland,DF,180,3,4,1,0,1.33,0.0
FIFA World Cup,2018,Ehsan Hajsafi,Iran,DF,213,4,0,6,1,0.0,
FIFA World Cup,2018,Ramin Rezaeian,Iran,DF,270,5,4,4,0,0.8,0.0
FIFA World Cup,2018,Gaku Shibasaki,Japan,MF,339,6,7,3,1,1.17,0.14
FIFA World Cup,2018,Genki Haraguchi,Japan,FW,244,6,4,4,0,0.67,0.0
FIFA World Cup,2018,Hiroki Sakai,Japan,DF,360,3,0,4,0,0.0,
FIFA World Cup,2018,Makoto Hasebe,Japan,MF,279,3,6,3,1,2.0,0.17
FIFA World Cup,2018,Takashi Inui,Japan,FW,292,5,2,9,1,0.4,0.5
FIFA World Cup,2018,Yūto Nagatomo,Japan,DF,360,4,2,3,0,0.5,0.0
FIFA World Cup,2018,Andrés Guardado,Mexico,MF,303,5,2,3,1,0.4,0.5
FIFA World Cup,2018,Carlos Salcedo,Mexico,DF,360,3,5,0,1,1.67,0.2
FIFA World Cup,2018,Carlos Vela,Mexico,MF,313,3,3,10,0,1.0,0.0
FIFA World Cup,2018,Edson Álvarez,Mexico,DF,267,6,4,4,1,0.67,0.25
FIFA World Cup,2018,Hirving Lozano,Mexico,FW,315,3,6,14,0,2.0,0.0
FIFA World Cup,2018,Hugo Ayala,Mexico,DF,180,3,0,0,0,0.0,
FIFA World Cup,2018,Héctor Herrera,Mexico,MF,360,10,15,7,2,1.5,0.13
FIFA World Cup,2018,Héctor Moreno,Mexico,DF,270,3,5,1,2,1.67,0.4
FIFA World Cup,2018,Jesús Gallardo,Mexico,DF,334,4,4,0,1,1.0,0.25
FIFA World Cup,2018,Miguel Layún,Mexico,FW,313,3,2,3,1,0.67,0.5
FIFA World Cup,2018,Achraf Hakimi,Morocco,DF,270,6,2,0,1,0.33,0.5
FIFA World Cup,2018,Hakim Ziyech,Morocco,FW,264,5,8,3,0,1.6,0.0
FIFA World Cup,2018,Karim El Ahmadi,Morocco,MF,265,5,7,1,2,1.4,0.29
FIFA World Cup,2018,M'barek Boussoufa,Morocco,MF,270,6,5,9,1,0.83,0.2
FIFA World Cup,2018,Manuel da Costa,Morocco,DF,189,3,2,0,1,0.67,0.5
FIFA World Cup,2018,Nordin Amrabat,Morocco,MF,255,3,10,8,1,3.33,0.1
FIFA World Cup,2018,Younès Belhanda,Morocco,MF,226,3,4,5,0,1.33,0.0
FIFA World Cup,2018,Brian Idowu,Nigeria,DF,225,3,3,2,1,1.0,0.33
FIFA World Cup,2018,John Obi Mikel,Nigeria,MF,267,5,5,1,1,1.0,0.2
FIFA World Cup,2018,Oghenekaro Etebo,Nigeria,MF,269,6,4,11,0,0.67,0.0
FIFA World Cup,2018,Wilfred Ndidi,Nigeria,MF,270,9,5,7,0,0.56,0.0
FIFA World Cup,2018,Fidel Escobar,Panama,DF,270,3,5,3,1,1.67,0.2
FIFA World Cup,2018,Gabriel Gómez,Panama,MF,248,4,5,5,1,1.25,0.2
FIFA World Cup,2018,Michael Amir Murillo,Panama,DF,180,3,6,2,2,2.0,0.33
FIFA World Cup,2018,Edison Flores,Peru,FW,241,5,3,2,0,0.6,0.0
FIFA World Cup,2018,Luis Advíncula,Peru,DF,270,7,2,8,0,0.29,0.0
FIFA World Cup,2018,Miguel Trauco,Peru,DF,261,3,2,1,0,0.67,0.0
FIFA World Cup,2018,Grzegorz Krychowiak,Poland,MF,270,5,3,8,1,0.6,0.33
FIFA World Cup,2018,Jacek Góralski,Poland,MF,180,10,3,3,1,0.3,0.33
FIFA World Cup,2018,Maciej Rybus,Poland,MF,180,3,2,1,0,0.67,0.0
FIFA World Cup,2018,Piotr Zieliński,Poland,MF,258,4,2,3,0,0.5,0.0
FIFA World Cup,2018,Bernardo Silva,Portugal,MF,238,6,2,4,0,0.33,0.0
FIFA World Cup,2018,Cédric Soares,Portugal,DF,270,5,6,2,1,1.2,0.17
FIFA World Cup,2018,João Moutinho,Portugal,MF,185,7,6,4,0,0.86,0.0
FIFA World Cup,2018,João Mário,Portugal,MF,259,3,5,3,0,1.67,0.0
FIFA World Cup,2018,Pepe,Portugal,DF,360,5,3,4,0,0.6,0.0
FIFA World Cup,2018,Raphaël Guerreiro,Portugal,DF,360,4,6,5,1,1.5,0.17
FIFA World Cup,2018,William Carvalho,Portugal,MF,360,6,6,4,0,1.0,0.0
FIFA World Cup,2018,Aleksandr Golovin,Russia,MF,401,5,16,4,1,3.2,0.06
FIFA World Cup,2018,Aleksandr Samedov,Russia,FW,356,5,8,8,0,1.6,0.0
FIFA World Cup,2018,Daler Kuzyaev,Russia,MF,305,5,6,2,0,1.2,0.0
FIFA World Cup,2018,Denis Cheryshev,Russia,FW,303,6,7,1,0,1.17,0.0
FIFA World Cup,2018,Mário Fernandes,Russia,DF,473,7,4,6,0,0.57,0.0
FIFA World Cup,2018,Roman Zobnin,Russia,MF,510,11,8,9,1,0.73,0.12
FIFA World Cup,2018,Sergei Ignashevich,Russia,DF,510,5,2,3,0,0.4,0.0
FIFA World Cup,2018,Yuri Gazinskiy,Russia,MF,267,4,6,3,2,1.5,0.33
FIFA World Cup,2018,Yuri Zhirkov,Russia,DF,220,3,3,1,0,1.0,0.0
FIFA World Cup,2018,Abdullah Otayf,Saudi Arabia,MF,243,3,2,8,0,0.67,0.0
FIFA World Cup,2018,Mohammed Al-Breik,Saudi Arabia,DF,270,6,0,9,0,0.0,
FIFA World Cup,2018,Osama Hawsawi,Saudi Arabia,DF,270,6,3,4,0,0.5,0.0
FIFA World Cup,2018,Salem Al-Dawsari,Saudi Arabia,MF,270,5,4,6,0,0.8,0.0
FIFA World Cup,2018,Yasser Al-Shahrani,Saudi Arabia,DF,270,5,4,2,0,0.8,0.0
FIFA World Cup,2018,Idrissa Gueye,Senegal,MF,270,7,6,2,1,0.86,0.17
FIFA World Cup,2018,Kalidou Koulibaly,Senegal,DF,270,3,4,0,0,1.33,0.0
FIFA World Cup,2018,Sadio Mané,Senegal,MF,270,3,7,6,0,2.33,0.0
FIFA World Cup,2018,Aleksandar Mitrović,Serbia,FW,266,4,5,7,2,1.25,0.4
FIFA World Cup,2018,Branislav Ivanović,Serbia,DF,180,6,1,4,1,0.17,1.0
FIFA World Cup,2018,Dušan Tadić,Serbia,FW,261,6,4,4,0,0.67,0.0
FIFA World Cup,2018,Duško Tošić,Serbia,DF,180,4,4,4,0,1.0,0.0
FIFA World Cup,2018,Nemanja Matić,Serbia,MF,270,6,7,5,2,1.17,0.29
FIFA World Cup,2018,Nikola Milenković,Serbia,DF,270,3,1,1,0,0.33,0.0
FIFA World Cup,2018,Hwang Hee-chan,South Korea,FW,203,8,5,5,1,0.62,0.2
FIFA World Cup,2018,Lee Jae-sung,South Korea,MF,270,4,6,1,1,1.5,0.17
FIFA World Cup,2018,Lee Yong,South Korea,DF,270,9,6,5,1,0.67,0.17
FIFA World Cup,2018,Dani Carvajal,Spain,DF,231,3,2,2,0,0.67,0.0
FIFA World Cup,2018,Jordi Alba,Spain,DF,390,3,2,3,0,0.67,0.0
FIFA World Cup,2018,Koke,Spain,MF,230,4,0,1,0,0.0,
FIFA World Cup,2018,Sergio Busquets,Spain,MF,390,4,5,12,1,1.25,0.2
FIFA World Cup,2018,Sergio Ramos,Spain,DF,390,6,4,4,0,0.67,0.0
FIFA World Cup,2018,Albin Ekdal,Sweden,MF,419,6,1,8,1,0.17,1.0
FIFA World Cup,2018,Emil Forsberg,Sweden,MF,415,3,3,10,0,1.0,0.0
FIFA World Cup,2018,Ludwig Augustinsson,Sweden,DF,450,5,3,2,0,0.6,0.0
FIFA World Cup,2018,Marcus Berg,Sweden,FW,425,3,15,11,0,5.0,0.0
FIFA World Cup,2018,Sebastian Larsson,Sweden,MF,316,3,9,2,3,3.0,0.33
FIFA World Cup,2018,Viktor Claesson,Sweden,MF,433,5,5,6,1,1.0,0.2
FIFA World Cup,2018,Blerim Džemaili,Switzerland,MF,324,6,8,4,0,1.33,0.0
FIFA World Cup,2018,Fabian Schär,Switzerland,DF,270,4,4,4,2,1.0,0.5
FIFA World Cup,2018,Granit Xhaka,Switzerland,MF,360,5,4,4,1,0.8,0.25
FIFA World Cup,2018,Manuel Akanji,Switzerland,DF,360,9,3,6,0,0.33,0.0
FIFA World Cup,2018,Ricardo Rodríguez,Switzerland,DF,360,4,5,3,0,1.25,0.0
FIFA World Cup,2018,Stephan Lichtsteiner,Switzerland,DF,266,6,2,4,2,0.33,1.0
FIFA World Cup,2018,Valon Behrami,Switzerland,MF,308,8,10,5,2,1.25,0.2
FIFA World Cup,2018,Xherdan Shaqiri,Switzerland,FW,350,4,3,9,1,0.75,0.33
FIFA World Cup,2018,Ellyes Skhiri,Tunisia,MF,270,5,6,1,0,1.2,0.0
FIFA World Cup,2018,Fakhreddine Ben Youssef,Tunisia,MF,270,3,3,6,0,1.0,0.0
FIFA World Cup,2018,Diego Godín,Uruguay,DF,450,5,5,5,0,1.0,0.0
FIFA World Cup,2018,Diego Laxalt,Uruguay,DF,302,3,4,5,0,1.33,0.0
FIFA World Cup,2018,Edinson Cavani,Uruguay,FW,342,4,4,6,0,1.0,0.0
FIFA World Cup,2018,Guillermo Varela,Uruguay,DF,180,4,0,2,0,0.0,
FIFA World Cup,2018,José María Giménez,Uruguay,DF,360,4,3,1,0,0.75,0.0
FIFA World Cup,2018,Lucas Torreira,Uruguay,MF,306,4,4,7,0,1.0,0.0
FIFA World Cup,2018,Matías Vecino,Uruguay,MF,414,4,9,3,0,2.25,0.0
FIFA World Cup,2018,Nahitan Nández,Uruguay,MF,290,7,6,7,0,0.86,0.0
FIFA World Cup,2018,Rodrigo Bentancur,Uruguay,MF,362,5,8,7,2,1.6,0.25
FIFA World Cup,2022,Alexis Mac Allister,Argentina,MF,550,4,1,13,0,0.25,0.0
FIFA World Cup,2022,Cristian Romero,Argentina,DF,547,3,12,3,2,4.0,0.17
FIFA World Cup,2022,Enzo Fernández,Argentina,MF,564,15,7,6,1,0.47,0.14
FIFA World Cup,2022,Leandro Paredes,Argentina,MF,225,4,6,5,2,1.5,0.33
FIFA World Cup,2022,Lionel Messi,Argentina,FW,690,3,10,22,1,3.33,0.1
FIFA World Cup,2022,Marcos Acuña,Argentina,DF,373,8,9,9,3,1.12,0.33
FIFA World Cup,2022,Nahuel Molina,Argentina,DF,567,4,3,0,0,0.75,0.0
FIFA World Cup,2022,Nicolás Otamendi,Argentina,DF,690,6,13,5,2,2.17,0.15
FIFA World Cup,2022,Nicolás Tagliafico,Argentina,DF,373,7,6,6,0,0.86,0.0
FIFA World Cup,2022,Rodrigo De Paul,Argentina,MF,599,6,7,15,0,1.17,0.0
FIFA World Cup,2022,Aaron Mooy,Australia,MF,360,6,4,1,1,0.67,0.25
FIFA World Cup,2022,Aziz Behich,Australia,DF,360,3,3,3,1,1.0,0.33
FIFA World Cup,2022,Craig Goodwin,Australia,MF,234,3,1,2,0,0.33,0.0
FIFA World Cup,2022,Mathew Leckie,Australia,MF,333,4,8,6,0,2.0,0.0
FIFA World Cup,2022,Miloš Degenek,Australia,DF,183,4,2,8,2,0.5,1.0
FIFA World Cup,2022,Thomas Meunier,Belgium,MF,211,6,4,1,1,0.67,0.25
FIFA World Cup,2022,Timothy Castagne,Belgium,MF,270,4,3,1,0,0.75,0.0
FIFA World Cup,2022,Alex Sandro,Brazil,DF,190,3,3,2,0,1.0,0.0
FIFA World Cup,2022,Casemiro,Brazil,MF,390,4,7,3,1,1.75,0.14
FIFA World Cup,2022,Lucas Paquetá,Brazil,MF,314,5,4,2,0,0.8,0.0
FIFA World Cup,2022,Marquinhos,Brazil,DF,426,4,1,2,1,0.25,1.0
FIFA World Cup,2022,Raphinha,Brazil,FW,315,6,2,5,0,0.33,0.0
FIFA World Cup,2022,Éder Militão,Brazil,DF,347,6,7,3,1,1.17,0.14
FIFA World Cup,2022,Jean-Charles Castelletto,Cameroon,DF,180,3,1,1,0,0.33,0.0
FIFA World Cup,2022,Nouhou Tolo,Cameroon,DF,270,5,3,1,1,0.6,0.33
FIFA World Cup,2022,Alistair Johnston,Canada,DF,270,3,5,3,1,1.67,0.2
FIFA World Cup,2022,Kamal Miller,Canada,DF,270,4,0,3,1,0.0,
FIFA World Cup,2022,Steven Vitória,Canada,DF,270,3,6,5,1,2.0,0.17
FIFA World Cup,2022,Bryan Oviedo,Costa Rica,DF,260,5,2,4,0,0.4,0.0
FIFA World Cup,2022,Francisco Calvo,Costa Rica,DF,180,4,6,0,2,1.5,0.33
FIFA World Cup,2022,Joel Campbell,Costa Rica,MF,269,5,3,11,1,0.6,0.33
FIFA World Cup,2022,Kendall Waston,Costa Rica,DF,225,4,1,0,0,0.25,0.0
FIFA World Cup,2022,Keysher Fuller,Costa Rica,DF,253,4,2,4,0,0.5,0.0
FIFA World Cup,2022,Borna Sosa,Croatia,DF,424,6,4,2,0,0.67,0.0
FIFA World Cup,2022,Bruno Petković,Croatia,FW,234,4,3,11,1,0.75,0.33
FIFA World Cup,2022,Ivan Perišić,Croatia,FW,669,4,10,0,0,2.5,0.0
FIFA World Cup,2022,Josip Juranović,Croatia,DF,600,8,1,6,0,0.12,0.0
FIFA World Cup,2022,Joško Gvardiol,Croatia,DF,690,6,8,6,0,1.33,0.0
FIFA World Cup,2022,Luka Modrić,Croatia,MF,653,10,13,15,1,1.3,0.08
FIFA World Cup,2022,Marcelo Brozović,Croatia,MF,552,7,12,11,1,1.71,0.08
FIFA World Cup,2022,Mario Pašalić,Croatia,FW,271,5,4,1,0,0.8,0.0
FIFA World Cup,2022,Mateo Kovačić,Croatia,MF,635,17,3,11,2,0.18,0.67
FIFA World Cup,2022,Joakim Mæhle,Denmark,MF,249,5,1,4,0,0.2,0.0
FIFA World Cup,2022,Rasmus Kristensen,Denmark,MF,224,7,2,1,1,0.29,0.5
FIFA World Cup,2022,Moisés Caicedo,Ecuador,MF,269,5,4,5,1,0.8,0.25
FIFA World Cup,2022,Pervis Estupiñán,Ecuador,DF,270,3,8,3,0,2.67,0.0
FIFA World Cup,2022,Piero Hincapié,Ecuador,DF,270,4,5,1,0,1.25,0.0
FIFA World Cup,2022,Ángelo Preciado,Ecuador,DF,264,5,8,2,0,1.6,0.0
FIFA World Cup,2022,Bukayo Saka,England,FW,288,4,7,6,0,1.75,0.0
FIFA World Cup,2022,Declan Rice,England,MF,417,5,3,2,0,0.6,0.0
FIFA World Cup,2022,Harry Maguire,England,DF,429,3,6,2,1,2.0,0.17
FIFA World Cup,2022,Jude Bellingham,England,MF,414,15,5,5,0,0.33,0.0
FIFA World Cup,2022,Kieran Trippier,England,DF,206,4,1,0,0,0.25,0.0
FIFA World Cup,2022,Adrien Rabiot,France,MF,483,9,10,4,1,1.11,0.1
FIFA World Cup,2022,Antoine Griezmann,France,MF,537,8,3,9,1,0.38,0.33
FIFA World Cup,2022,Aurélien Tchouaméni,France,MF,621,4,8,10,1,2.0,0.12
FIFA World Cup,2022,Dayot Upamecano,France,DF,480,7,4,3,0,0.57,0.0
FIFA World Cup,2022,Ibrahima Konaté,France,DF,294,6,2,4,0,0.33,0.0
FIFA World Cup,2022,Jules Koundé,France,DF,480,8,4,2,1,0.5,0.25
FIFA World Cup,2022,Ousmane Dembélé,France,MF,433,6,6,3,1,1.0,0.17
FIFA World Cup,2022,Randal Kolo Muani,France,FW,182,5,4,5,0,0.8,0.0
FIFA World Cup,2022,Theo Hernández,France,DF,508,13,6,13,1,0.46,0.17
FIFA World Cup,2022,Youssouf Fofana,France,MF,227,5,3,1,0,0.6,0.0
FIFA World Cup,2022,David Raum,Germany,DF,242,3,5,3,0,1.67,0.0
FIFA World Cup,2022,Niklas Süle,Germany,DF,269,4,0,2,0,0.0,
FIFA World Cup,2022,Abdul Rahman Baba,Ghana,MF,183,3,7,1,0,2.33,0.0
FIFA World Cup,2022,Daniel Amartey,Ghana,DF,251,4,3,1,2,0.75,0.67
FIFA World Cup,2022,Mohammed Kudus,Ghana,MF,247,4,3,5,1,0.75,0.33
FIFA World Cup,2022,Thomas Partey,Ghana,MF,270,5,3,2,0,0.6,0.0
FIFA World Cup,2022,Ahmad Nourollahi,Iran,MF,223,3,2,0,0,0.67,0.0
FIFA World Cup,2022,Ehsan Hajsafi,Iran,MF,237,3,1,3,0,0.33,0.0
FIFA World Cup,2022,Majid Hosseini,Iran,DF,270,4,4,1,1,1.0,0.25
FIFA World Cup,2022,Mehdi Taremi,Iran,FW,270,3,5,4,0,1.67,0.0
FIFA World Cup,2022,Milad Mohammadi,Iran,DF,196,3,2,1,0,0.67,0.0
FIFA World Cup,2022,Ramin Rezaeian,Iran,DF,180,5,2,3,1,0.4,0.5
FIFA World Cup,2022,Daichi Kamada,Japan,MF,322,3,1,1,0,0.33,0.0
FIFA World Cup,2022,Junya Itō,Japan,MF,324,4,0,5,0,0.0,
FIFA World Cup,2022,Ko Itakura,Japan,DF,270,5,5,0,2,1.0,0.4
FIFA World Cup,2022,Maya Yoshida,Japan,DF,390,4,3,4,1,0.75,0.33
FIFA World Cup,2022,Ritsu Doan,Japan,MF,217,5,3,4,0,0.6,0.0
FIFA World Cup,2022,Wataru Endo,Japan,MF,304,4,7,9,1,1.75,0.14
FIFA World Cup,2022,César Montes,Mexico,DF,270,3,4,0,0,1.33,0.0
FIFA World Cup,2022,Jesús Gallardo,Mexico,DF,270,5,4,1,0,0.8,0.0
FIFA World Cup,2022,Achraf Hakimi,Morocco,DF,631,17,6,13,0,0.35,0.0
FIFA World Cup,2022,Azzedine Ounahi,Morocco,MF,568,8,3,13,1,0.38,0.33
FIFA World Cup,2022,Hakim Ziyech,Morocco,FW,635,7,12,7,0,1.71,0.0
FIFA World Cup,2022,Noussair Mazraoui,Morocco,DF,365,9,3,1,0,0.33,0.0
FIFA World Cup,2022,Selim Amallah,Morocco,MF,409,9,11,8,1,1.22,0.09
FIFA World Cup,2022,Sofiane Boufal,Morocco,FW,475,5,11,13,1,2.2,0.09
FIFA World Cup,2022,Sofyan Amrabat,Morocco,MF,660,10,14,6,1,1.4,0.07
FIFA World Cup,2022,Daley Blind,Netherlands,MF,423,9,3,1,0,0.33,0.0
FIFA World Cup,2022,Denzel Dumfries,Netherlands,MF,479,5,17,7,3,3.4,0.18
FIFA World Cup,2022,Frenkie de Jong,Netherlands,MF,475,5,4,6,1,0.8,0.25
FIFA World Cup,2022,Jurriën Timber,Netherlands,DF,390,6,17,4,1,2.83,0.06
FIFA World Cup,2022,Marten de Roon,Netherlands,MF,184,5,3,0,0,0.6,0.0
FIFA World Cup,2022,Nathan Aké,Netherlands,DF,479,3,4,6,1,1.33,0.25
FIFA World Cup,2022,Teun Koopmeiners,Netherlands,MF,219,5,6,1,1,1.2,0.17
FIFA World Cup,2022,Grzegorz Krychowiak,Poland,MF,332,4,6,7,1,1.5,0.17
FIFA World Cup,2022,Krystian Bielik,Poland,MF,216,3,5,4,0,1.67,0.0
FIFA World Cup,2022,Matty Cash,Poland,DF,360,3,7,3,2,2.33,0.29
FIFA World Cup,2022,Piotr Zieliński,Poland,MF,328,5,4,2,0,0.8,0.0
FIFA World Cup,2022,Przemysław Frankowski,Poland,MF,240,4,1,5,1,0.25,1.0
FIFA World Cup,2022,Bruno Fernandes,Portugal,FW,356,3,2,8,1,0.67,0.5
FIFA World Cup,2022,Diogo Dalot,Portugal,DF,258,6,1,1,0,0.17,0.0
FIFA World Cup,2022,João Cancelo,Portugal,DF,310,3,2,4,0,0.67,0.0
FIFA World Cup,2022,Otávio,Portugal,MF,196,7,6,10,0,0.86,0.0
FIFA World Cup,2022,Rúben Dias,Portugal,DF,360,4,4,2,1,1.0,0.25
FIFA World Cup,2022,William Carvalho,Portugal,MF,215,5,3,2,0,0.6,0.0
FIFA World Cup,2022,Abdelkarim Hassan,Qatar,DF,270,3,1,4,0,0.33,0.0
FIFA World Cup,2022,Ró-Ró,Qatar,DF,262,4,4,5,0,1.0,0.0
FIFA World Cup,2022,Firas Al-Buraikan,Saudi Arabia,FW,268,3,2,3,0,0.67,0.0
FIFA World Cup,2022,Salem Al-Dawsari,Saudi Arabia,FW,270,4,3,3,1,0.75,0.33
FIFA World Cup,2022,Kalidou Koulibaly,Senegal,DF,360,9,3,3,1,0.33,0.33
FIFA World Cup,2022,Nampalys Mendy,Senegal,MF,272,4,5,2,1,1.25,0.2
FIFA World Cup,2022,Youssouf Sabaly,Senegal,DF,360,6,3,12,0,0.5,0.0
FIFA World Cup,2022,Andrija Živković,Serbia,MF,210,3,2,4,0,0.67,0.0
FIFA World Cup,2022,Nikola Milenković,Serbia,DF,270,5,8,2,2,1.6,0.25
FIFA World Cup,2022,Hwang In-beom,South Korea,MF,334,3,7,3,0,2.33,0.0
FIFA World Cup,2022,Jung Woo-young,South Korea,MF,303,4,11,0,2,2.75,0.18
FIFA World Cup,2022,Kim Jin-su,South Korea,DF,315,5,1,6,0,0.2,0.0
FIFA World Cup,2022,Kim Moon-hwan,South Korea,DF,360,4,1,0,0,0.25,0.0
FIFA World Cup,2022,Dani Olmo,Spain,FW,367,3,5,6,0,1.67,0.0
FIFA World Cup,2022,Gavi,Spain,MF,284,4,8,14,0,2.0,0.0
FIFA World Cup,2022,Jordi Alba,Spain,DF,264,4,4,3,0,1.0,0.0
FIFA World Cup,2022,Sergio Busquets,Spain,MF,363,4,3,3,1,0.75,0.33
FIFA World Cup,2022,Granit Xhaka,Switzerland,MF,360,4,5,4,1,1.25,0.2
FIFA World Cup,2022,Remo Freuler,Switzerland,MF,323,5,6,2,0,1.2,0.0
FIFA World Cup,2022,Silvan Widmer,Switzerland,DF,265,6,4,2,1,0.67,0.25
FIFA World Cup,2022,Ali Abdi,Tunisia,MF,188,5,5,0,1,1.0,0.2
FIFA World Cup,2022,Aïssa Laïdouni,Tunisia,MF,243,3,3,6,1,1.0,0.33
FIFA World Cup,2022,Ellyes Skhiri,Tunisia,MF,270,3,3,2,0,1.0,0.0
FIFA World Cup,2022,Issam Jebali,Tunisia,FW,182,3,10,2,0,3.33,0.0
FIFA World Cup,2022,Antonee Robinson,United States,DF,359,4,2,0,0,0.5,0.0
FIFA World Cup,2022,Tim Ream,United States,DF,360,3,1,2,1,0.33,1.0
FIFA World Cup,2022,Tyler Adams,United States,MF,360,9,5,5,1,0.56,0.2
FIFA World Cup,2022,Yunus Musah,United States,MF,343,6,9,3,0,1.5,0.0
FIFA World Cup,2022,Federico Valverde,Uruguay,MF,270,4,6,2,0,1.5,0.0
FIFA World Cup,2022,Mathías Olivera,Uruguay,DF,253,5,2,3,1,0.4,0.5
FIFA World Cup,2022,Matías Vecino,Uruguay,MF,195,3,4,0,0,1.33,0.0
FIFA World Cup,2022,Rodrigo Bentancur,Uruguay,MF,213,8,5,3,1,0.62,0.2
FIFA World Cup,2022,Chris Mepham,Wales,DF,270,6,7,1,1,1.17,0.14
FIFA World Cup,2022,Connor Roberts,Wales,MF,200,3,0,1,0,0.0,
FIFA World Cup,2022,Ethan Ampadu,Wales,MF,255,3,5,3,0,1.67,0.0
FIFA World Cup,2022,Neco Williams,Wales,DF,204,3,3,5,0,1.0,0.0
FIFA World Cup,2026,Aïssa Mandi,Algeria,DF,360,3,0,5,0,0.0,
FIFA World Cup,2026,Fares Chaïbi,Algeria,MF,360,5,3,2,1,0.6,0.33
FIFA World Cup,2026,Nabil Bentaleb,Algeria,MF,285,4,2,3,0,0.5,0.0
FIFA World Cup,2026,Rafik Belghali,Algeria,DF,331,3,4,2,0,1.33,0.0
FIFA World Cup,2026,Ramy Bensebaini,Algeria,DF,360,6,1,5,0,0.17,0.0
FIFA World Cup,2026,Rayan Aït-Nouri,Algeria,DF,284,13,6,4,0,0.46,0.0
FIFA World Cup,2026,Alexis Mac Allister,Argentina,MF,630,10,6,10,0,0.6,0.0
FIFA World Cup,2026,Cristian Romero,Argentina,DF,539,10,9,3,1,0.9,0.11
FIFA World Cup,2026,Enzo Fernández,Argentina,MF,570,6,9,5,0,1.5,0.0
FIFA World Cup,2026,Facundo Medina,Argentina,DF,257,6,3,2,1,0.5,0.33
FIFA World Cup,2026,Julián Álvarez,Argentina,FW,501,3,8,3,0,2.67,0.0
FIFA World Cup,2026,Leandro Paredes,Argentina,MF,398,5,5,2,1,1.0,0.2
FIFA World Cup,2026,Lionel Messi,Argentina,FW,620,9,2,16,0,0.22,0.0
FIFA World Cup,2026,Lisandro Martínez,Argentina,DF,581,6,6,4,1,1.0,0.17
FIFA World Cup,2026,Nicolás González,Argentina,FW,214,3,4,2,0,1.33,0.0
FIFA World Cup,2026,Rodrigo De Paul,Argentina,MF,422,4,2,4,1,0.5,0.5
FIFA World Cup,2026,Thiago Almada,Argentina,MF,241,4,2,2,1,0.5,0.5
FIFA World Cup,2026,Alessandro Circati,Australia,DF,390,7,5,4,1,0.71,0.2
FIFA World Cup,2026,Aziz Behich,Australia,MF,217,4,1,4,0,0.25,0.0
FIFA World Cup,2026,Connor Metcalfe,Australia,MF,315,5,1,0,0,0.2,0.0
FIFA World Cup,2026,Jordy Bos,Australia,MF,308,3,4,4,1,1.33,0.25
FIFA World Cup,2026,Konrad Laimer,Austria,MF,360,6,6,3,1,1.0,0.17
FIFA World Cup,2026,Nicolas Seiwald,Austria,MF,315,5,1,1,0,0.2,0.0
FIFA World Cup,2026,Romano Schmid,Austria,MF,263,4,3,4,0,0.75,0.0
FIFA World Cup,2026,Stefan Posch,Austria,DF,331,4,7,3,2,1.75,0.29
FIFA World Cup,2026,Xaver Schlager,Austria,MF,238,3,6,0,0,2.0,0.0
FIFA World Cup,2026,Brandon Mechele,Belgium,DF,570,4,9,2,1,2.25,0.11
FIFA World Cup,2026,Charles De Ketelaere,Belgium,FW,350,4,2,3,0,0.5,0.0
FIFA World Cup,2026,Nathan Ngoy,Belgium,DF,335,4,6,1,1,1.5,0.17
FIFA World Cup,2026,Nicolas Raskin,Belgium,MF,341,5,12,3,0,2.4,0.0
FIFA World Cup,2026,Timothy Castagne,Belgium,DF,478,7,7,2,1,1.0,0.14
FIFA World Cup,2026,Youri Tielemans,Belgium,MF,474,6,7,10,0,1.17,0.0
FIFA World Cup,2026,Amar Dedić,Bosnia and Herzegovina,DF,270,7,6,3,1,0.86,0.17
FIFA World Cup,2026,Benjamin Tahirovic,Bosnia and Herzegovina,MF,237,4,3,2,0,0.75,0.0
FIFA World Cup,2026,Ivan Šunjić,Bosnia and Herzegovina,MF,196,3,7,0,0,2.33,0.0
FIFA World Cup,2026,Nikola Katić,Bosnia and Herzegovina,DF,317,6,4,0,1,0.67,0.25
FIFA World Cup,2026,Sead Kolašinac,Bosnia and Herzegovina,DF,337,6,6,4,0,1.0,0.0
FIFA World Cup,2026,Bruno Guimarães,Brazil,MF,416,6,4,7,0,0.67,0.0
FIFA World Cup,2026,Casemiro,Brazil,MF,379,5,6,6,2,1.2,0.33
FIFA World Cup,2026,Douglas Santos,Brazil,DF,441,10,3,2,1,0.3,0.33
FIFA World Cup,2026,Lucas Paquetá,Brazil,MF,233,4,3,6,0,0.75,0.0
FIFA World Cup,2026,Matheus Cunha,Brazil,FW,290,3,1,3,0,0.33,0.0
FIFA World Cup,2026,Rayan,Brazil,FW,288,4,5,4,0,1.25,0.0
FIFA World Cup,2026,Derek Cornelius,Canada,DF,315,3,4,3,1,1.33,0.25
FIFA World Cup,2026,Luc De Fougerolles,Canada,DF,372,6,8,8,2,1.33,0.25
FIFA World Cup,2026,Nathan Saliba,Canada,MF,182,4,5,2,1,1.25,0.2
FIFA World Cup,2026,Richie Laryea,Canada,DF,429,9,8,14,1,0.89,0.12
FIFA World Cup,2026,Stephen Eustáquio,Canada,MF,392,5,2,7,0,0.4,0.0
FIFA World Cup,2026,Tajon Buchanan,Canada,MF,376,5,5,8,0,1.0,0.0
FIFA World Cup,2026,Tani Oluwaseyi,Canada,FW,259,3,5,5,0,1.67,0.0
FIFA World Cup,2026,Deroy Duarte,Cape Verde,MF,264,5,4,1,0,0.8,0.0
FIFA World Cup,2026,Diney,Cape Verde,DF,390,7,2,0,1,0.29,0.5
FIFA World Cup,2026,Jamiro Monteiro,Cape Verde,MF,281,4,4,2,0,1.0,0.0
FIFA World Cup,2026,Kevin Pina,Cape Verde,MF,349,7,5,3,1,0.71,0.2
FIFA World Cup,2026,Pico,Cape Verde,DF,390,5,0,3,0,0.0,
FIFA World Cup,2026,Steven Moreira,Cape Verde,DF,301,3,0,2,0,0.0,
FIFA World Cup,2026,Daniel Muñoz,Colombia,DF,394,3,9,1,0,3.0,0.0
FIFA World Cup,2026,Gustavo Puerta,Colombia,MF,469,3,9,8,1,3.0,0.11
FIFA World Cup,2026,Jhon Arias,Colombia,MF,377,9,5,2,1,0.56,0.2
FIFA World Cup,2026,Johan Mojica,Colombia,DF,390,3,1,7,1,0.33,1.0
FIFA World Cup,2026,Luis Suárez,Colombia,FW,331,4,7,8,1,1.75,0.14
FIFA World Cup,2026,Ivan Perišić,Croatia,MF,360,4,4,1,2,1.0,0.5
FIFA World Cup,2026,Josip Šutalo,Croatia,DF,360,4,2,1,0,0.5,0.0
FIFA World Cup,2026,Luka Modrić,Croatia,MF,317,3,4,3,1,1.33,0.25
FIFA World Cup,2026,Marin Pongračić,Croatia,DF,270,3,3,0,0,1.0,0.0
FIFA World Cup,2026,Mateo Kovačić,Croatia,MF,270,3,3,3,0,1.0,0.0
FIFA World Cup,2026,Deveron Fonville,Curaçao,DF,241,3,2,3,0,0.67,0.0
FIFA World Cup,2026,Juninho Bacuna,Curaçao,MF,254,4,6,3,2,1.5,0.33
FIFA World Cup,2026,Leandro Bacuna,Curaçao,MF,270,3,3,3,1,1.0,0.33
FIFA World Cup,2026,Sherel Floranus,Curaçao,DF,270,6,2,0,0,0.33,0.0
FIFA World Cup,2026,Ladislav Krejčí,Czech Republic,DF,270,3,6,2,1,2.0,0.17
FIFA World Cup,2026,Aaron Wan-Bissaka,DR Congo,DF,354,4,1,1,0,0.25,0.0
FIFA World Cup,2026,Arthur Masuaku,DR Congo,DF,315,5,0,4,0,0.0,
FIFA World Cup,2026,Chancel Mbemba,DR Congo,DF,360,3,1,3,1,0.33,1.0
FIFA World Cup,2026,Noah Sadiki,DR Congo,MF,259,4,2,3,2,0.5,1.0
FIFA World Cup,2026,Samuel Moutoussamy,DR Congo,MF,330,8,8,1,1,1.0,0.12
FIFA World Cup,2026,Alan Franco,Ecuador,DF,251,6,7,0,2,1.17,0.29
FIFA World Cup,2026,Gonzalo Plata,Ecuador,FW,360,5,5,4,1,1.0,0.2
FIFA World Cup,2026,Joel Ordóñez,Ecuador,DF,225,5,1,1,0,0.2,0.0
FIFA World Cup,2026,John Yeboah,Ecuador,MF,311,3,0,4,0,0.0,
FIFA World Cup,2026,Moisés Caicedo,Ecuador,MF,360,6,5,4,1,0.83,0.2
FIFA World Cup,2026,Pedro Vite,Ecuador,MF,360,11,2,5,0,0.18,0.0
FIFA World Cup,2026,Piero Hincapié,Ecuador,DF,339,5,5,4,2,1.0,0.4
FIFA World Cup,2026,Ahmed Fatouh,Egypt,DF,267,5,2,3,1,0.4,0.5
FIFA World Cup,2026,Hamdy Fathy,Egypt,DF,238,3,3,2,1,1.0,0.33
FIFA World Cup,2026,Marwan Attia,Egypt,MF,434,3,8,1,2,2.67,0.25
FIFA World Cup,2026,Mohamed Hany,Egypt,DF,480,9,2,1,0,0.22,0.0
FIFA World Cup,2026,Mohanad Lasheen,Egypt,MF,359,11,5,3,2,0.45,0.4
FIFA World Cup,2026,Mostafa Ziko,Egypt,FW,370,4,6,5,0,1.5,0.0
FIFA World Cup,2026,Omar Marmoush,Egypt,FW,326,3,3,8,0,1.0,0.0
FIFA World Cup,2026,Ramy Rabia,Egypt,DF,372,5,3,2,0,0.6,0.0
FIFA World Cup,2026,Yasser Ibrahim,Egypt,DF,467,6,6,3,2,1.0,0.33
FIFA World Cup,2026,Anthony Gordon,England,MF,396,3,4,10,0,1.33,0.0
FIFA World Cup,2026,Bukayo Saka,England,MF,268,6,4,7,0,0.67,0.0
FIFA World Cup,2026,Djed Spence,England,DF,314,8,1,3,0,0.12,0.0
FIFA World Cup,2026,Elliot Anderson,England,MF,620,17,9,13,1,0.53,0.11
FIFA World Cup,2026,Ezri Konsa,England,DF,557,3,7,11,0,2.33,0.0
FIFA World Cup,2026,Harry Kane,England,FW,652,3,8,9,0,2.67,0.0
FIFA World Cup,2026,Jude Bellingham,England,MF,602,10,9,16,1,0.9,0.11
FIFA World Cup,2026,Morgan Rogers,England,MF,249,3,5,3,0,1.67,0.0
FIFA World Cup,2026,Nico O'Reilly,England,DF,461,3,6,4,1,2.0,0.17
FIFA World Cup,2026,Noni Madueke,England,MF,286,4,2,3,0,0.5,0.0
FIFA World Cup,2026,Adrien Rabiot,France,MF,495,5,11,3,1,2.2,0.09
FIFA World Cup,2026,Aurélien Tchouaméni,France,MF,360,14,4,3,1,0.29,0.25
FIFA World Cup,2026,Bradley Barcola,France,MF,339,3,3,1,1,1.0,0.33
FIFA World Cup,2026,Dayot Upamecano,France,DF,615,11,6,4,0,0.55,0.0
FIFA World Cup,2026,Désiré Doué,France,MF,355,6,3,6,0,0.5,0.0
FIFA World Cup,2026,Jules Koundé,France,DF,598,8,6,5,0,0.75,0.0
FIFA World Cup,2026,Lucas Digne,France,DF,418,3,5,2,0,1.67,0.0
FIFA World Cup,2026,Manu Koné,France,MF,385,5,6,7,1,1.2,0.17
FIFA World Cup,2026,Michael Olise,France,MF,556,6,4,16,1,0.67,0.25
FIFA World Cup,2026,Aleksandar Pavlovic,Germany,MF,272,3,13,4,1,4.33,0.08
FIFA World Cup,2026,Felix Nmecha,Germany,MF,270,9,3,3,0,0.33,0.0
FIFA World Cup,2026,Florian Wirtz,Germany,MF,361,6,1,3,0,0.17,0.0
FIFA World Cup,2026,Jamal Musiala,Germany,MF,270,5,5,11,1,1.0,0.2
FIFA World Cup,2026,Jonathan Tah,Germany,DF,372,3,5,1,0,1.67,0.0
FIFA World Cup,2026,Joshua Kimmich,Germany,DF,351,4,0,7,0,0.0,
FIFA World Cup,2026,Leroy Sané,Germany,MF,326,3,3,2,0,1.0,0.0
FIFA World Cup,2026,Nathaniel Brown,Germany,DF,282,6,4,1,0,0.67,0.0
FIFA World Cup,2026,Gideon Mensah,Ghana,DF,360,5,2,3,0,0.4,0.0
FIFA World Cup,2026,Jonas Adjetey,Ghana,DF,225,3,1,0,0,0.33,0.0
FIFA World Cup,2026,Jordan Ayew,Ghana,FW,300,3,7,7,0,2.33,0.0
FIFA World Cup,2026,Marvin Senaya,Ghana,DF,278,12,6,4,0,0.5,0.0
FIFA World Cup,2026,Thomas Partey,Ghana,MF,270,4,2,5,0,0.5,0.0
FIFA World Cup,2026,Danley Jean-Jacques,Haiti,MF,259,6,5,3,1,0.83,0.2
FIFA World Cup,2026,Hannes Delcroix,Haiti,DF,270,3,1,2,0,0.33,0.0
FIFA World Cup,2026,Martin Expérience,Haiti,DF,270,6,7,6,0,1.17,0.0
FIFA World Cup,2026,Milad Mohammadi,Iran,DF,205,4,1,1,0,0.25,0.0
FIFA World Cup,2026,Ramin Rezaeian,Iran,DF,270,5,2,3,0,0.4,0.0
FIFA World Cup,2026,Saeid Ezatolahi,Iran,MF,264,5,7,4,2,1.4,0.29
FIFA World Cup,2026,Saman Ghoddos,Iran,MF,208,4,3,0,0,0.75,0.0
FIFA World Cup,2026,Shoja' Khalilzadeh,Iran,DF,270,3,4,0,1,1.33,0.25
FIFA World Cup,2026,Ibrahim Bayesh,Iraq,MF,235,4,3,5,0,0.75,0.0
FIFA World Cup,2026,Merchas Doski,Iraq,DF,270,9,3,8,1,0.33,0.33
FIFA World Cup,2026,Amad Diallo,Ivory Coast,MF,185,4,0,2,0,0.0,
FIFA World Cup,2026,Christ Inao Oulaï,Ivory Coast,MF,208,4,3,5,0,0.75,0.0
FIFA World Cup,2026,Emmanuel Agbadou,Ivory Coast,DF,270,6,0,0,0,0.0,
FIFA World Cup,2026,Franck Kessié,Ivory Coast,MF,346,4,7,2,1,1.75,0.14
FIFA World Cup,2026,Ghislain Konan,Ivory Coast,DF,269,3,0,1,0,0.0,
FIFA World Cup,2026,Guéla Doué,Ivory Coast,DF,277,5,6,5,1,1.2,0.17
FIFA World Cup,2026,Ibrahim Sangaré,Ivory Coast,MF,268,5,2,4,0,0.4,0.0
FIFA World Cup,2026,Odilon Kossounou,Ivory Coast,DF,272,3,0,1,0,0.0,
FIFA World Cup,2026,Yan Diomandé,Ivory Coast,MF,329,6,2,7,0,0.33,0.0
FIFA World Cup,2026,Ao Tanaka,Japan,MF,193,6,6,2,0,1.0,0.0
FIFA World Cup,2026,Daichi Kamada,Japan,MF,329,3,2,4,1,0.67,0.5
FIFA World Cup,2026,Daizen Maeda,Japan,MF,244,3,2,1,0,0.67,0.0
FIFA World Cup,2026,Keito Nakamura,Japan,MF,307,3,3,1,0,1.0,0.0
FIFA World Cup,2026,Abdallah Nasib,Jordan,DF,260,3,1,1,0,0.33,0.0
FIFA World Cup,2026,Nizar Al Rashdan,Jordan,MF,255,5,5,4,0,1.0,0.0
FIFA World Cup,2026,Noor Al Rawabdeh,Jordan,MF,270,7,1,0,0,0.14,0.0
FIFA World Cup,2026,Edson Álvarez,Mexico,MF,240,6,5,2,1,0.83,0.2
FIFA World Cup,2026,Erik Lira,Mexico,MF,345,3,3,4,0,1.0,0.0
FIFA World Cup,2026,Jorge Sánchez,Mexico,DF,348,4,5,1,1,1.25,0.2
FIFA World Cup,2026,Luis Romo,Mexico,MF,264,4,1,3,0,0.25,0.0
FIFA World Cup,2026,Roberto Alvarado,Mexico,FW,428,3,3,5,0,1.0,0.0
FIFA World Cup,2026,Achraf Hakimi,Morocco,DF,570,10,7,16,1,0.7,0.14
FIFA World Cup,2026,Anass Salah-Eddine,Morocco,DF,212,5,3,2,0,0.6,0.0
FIFA World Cup,2026,Ayyoub Bouaddi,Morocco,MF,381,3,3,6,0,1.0,0.0
FIFA World Cup,2026,Bilal El Khannouss,Morocco,MF,461,7,5,6,1,0.71,0.2
FIFA World Cup,2026,Neil El Aynaoui,Morocco,MF,562,9,15,7,0,1.67,0.0
FIFA World Cup,2026,Noussair Mazraoui,Morocco,DF,477,8,4,6,0,0.5,0.0
FIFA World Cup,2026,Denzel Dumfries,Netherlands,DF,390,6,6,3,0,1.0,0.0
FIFA World Cup,2026,Frenkie de Jong,Netherlands,MF,328,7,6,6,0,0.86,0.0
FIFA World Cup,2026,Jan Paul van Hecke,Netherlands,DF,390,3,4,2,0,1.33,0.0
FIFA World Cup,2026,Micky van de Ven,Netherlands,DF,265,3,5,1,1,1.67,0.2
FIFA World Cup,2026,Elijah Just,New Zealand,MF,264,3,3,2,1,1.0,0.33
FIFA World Cup,2026,Tim Payne,New Zealand,DF,224,3,2,2,0,0.67,0.0
FIFA World Cup,2026,Andreas Schjelderup,Norway,FW,252,3,2,3,0,0.67,0.0
FIFA World Cup,2026,David Møller Wolfe,Norway,DF,430,3,7,2,0,2.33,0.0
FIFA World Cup,2026,Fredrik Aursnes,Norway,MF,304,8,5,3,0,0.62,0.0
FIFA World Cup,2026,Julian Ryerson,Norway,DF,223,8,6,1,0,0.75,0.0
FIFA World Cup,2026,Kristoffer Ajer,Norway,DF,480,8,2,1,1,0.25,0.5
FIFA World Cup,2026,Martin Ødegaard,Norway,MF,470,4,3,4,0,0.75,0.0
FIFA World Cup,2026,Oscar Bobb,Norway,FW,225,3,1,4,0,0.33,0.0
FIFA World Cup,2026,Patrick Berg,Norway,MF,445,7,4,2,1,0.57,0.25
FIFA World Cup,2026,Sander Berge,Norway,MF,480,4,6,2,0,1.5,0.0
FIFA World Cup,2026,Torbjørn Heggem,Norway,DF,443,7,2,0,0,0.29,0.0
FIFA World Cup,2026,Andrés Andrade Cedeño,Panama,DF,270,3,4,0,1,1.33,0.25
FIFA World Cup,2026,Carlos Harvey,Panama,MF,267,3,8,3,1,2.67,0.12
FIFA World Cup,2026,Cristian Martínez,Panama,MF,242,4,5,5,0,1.25,0.0
FIFA World Cup,2026,José Córdoba,Panama,DF,270,3,5,1,0,1.67,0.0
FIFA World Cup,2026,José Luis Rodríguez,Panama,MF,233,3,4,2,0,1.33,0.0
FIFA World Cup,2026,Michael Amir Murillo,Panama,DF,270,3,1,7,0,0.33,0.0
FIFA World Cup,2026,Andrés Cubas,Paraguay,MF,480,13,14,3,1,1.08,0.07
FIFA World Cup,2026,Damián Bobadilla,Paraguay,MF,189,3,1,1,0,0.33,0.0
FIFA World Cup,2026,Diego Gómez,Paraguay,MF,304,6,5,1,2,0.83,0.4
FIFA World Cup,2026,Gustavo Gómez,Paraguay,DF,480,3,3,2,0,1.0,0.0
FIFA World Cup,2026,Juan Cáceres,Paraguay,DF,436,11,9,6,1,0.82,0.11
FIFA World Cup,2026,Julio Enciso,Paraguay,FW,386,5,3,9,0,0.6,0.0
FIFA World Cup,2026,Júnior Alonso,Paraguay,DF,390,9,3,3,1,0.33,0.33
FIFA World Cup,2026,Matías Galarza,Paraguay,MF,388,11,10,9,2,0.91,0.2
FIFA World Cup,2026,Miguel Almirón,Paraguay,MF,282,7,2,7,2,0.29,1.0
FIFA World Cup,2026,Bruno Fernandes,Portugal,MF,422,5,2,8,0,0.4,0.0
FIFA World Cup,2026,João Cancelo,Portugal,DF,312,4,6,2,0,1.5,0.0
FIFA World Cup,2026,João Félix,Portugal,MF,201,4,3,6,0,0.75,0.0
FIFA World Cup,2026,João Neves,Portugal,MF,390,7,1,4,0,0.14,0.0
FIFA World Cup,2026,Nuno Mendes,Portugal,DF,395,6,3,12,0,0.5,0.0
FIFA World Cup,2026,Rúben Dias,Portugal,DF,360,3,6,3,1,2.0,0.17
FIFA World Cup,2026,Boualem Khoukhi,Qatar,DF,270,3,2,1,0,0.67,0.0
FIFA World Cup,2026,Ró-Ró,Qatar,DF,270,4,1,7,0,0.25,0.0
FIFA World Cup,2026,Hassan Al Tambakti,Saudi Arabia,DF,212,3,0,1,0,0.0,
FIFA World Cup,2026,Mohamed Kanno,Saudi Arabia,MF,225,4,5,0,1,1.25,0.2
FIFA World Cup,2026,Nasser Al-Dawsari,Saudi Arabia,MF,207,4,7,2,1,1.75,0.14
FIFA World Cup,2026,Saud Abdulhamid,Saudi Arabia,DF,269,9,4,2,1,0.44,0.25
FIFA World Cup,2026,Lewis Ferguson,Scotland,MF,270,7,5,10,0,0.71,0.0
FIFA World Cup,2026,Idrissa Gueye,Senegal,MF,361,4,2,2,0,0.5,0.0
FIFA World Cup,2026,Krépin Diatta,Senegal,DF,390,10,4,6,0,0.4,0.0
FIFA World Cup,2026,Aubrey Modiba,South Africa,DF,346,5,4,6,1,0.8,0.25
FIFA World Cup,2026,Khuliso Mudau,South Africa,DF,360,8,4,10,0,0.5,0.0
FIFA World Cup,2026,Mbekezeli Mbokazi,South Africa,DF,360,5,3,5,0,0.6,0.0
FIFA World Cup,2026,Oswin Appollis,South Africa,MF,255,3,1,2,0,0.33,0.0
FIFA World Cup,2026,Sphephelo Sithole,South Africa,MF,229,5,5,1,1,1.0,0.2
FIFA World Cup,2026,Teboho Mokoena,South Africa,MF,270,3,3,6,2,1.0,0.67
FIFA World Cup,2026,Lee Gi-hyuk,South Korea,DF,270,4,2,1,1,0.5,0.5
FIFA World Cup,2026,Aymeric Laporte,Spain,DF,629,3,4,2,1,1.33,0.25
FIFA World Cup,2026,Dani Olmo,Spain,MF,417,5,5,8,0,1.0,0.0
FIFA World Cup,2026,Fabián Ruiz Peña,Spain,MF,260,3,1,3,0,0.33,0.0
FIFA World Cup,2026,Lamine Yamal,Spain,MF,494,6,12,8,0,2.0,0.0
FIFA World Cup,2026,Marc Cucurella,Spain,DF,630,4,7,3,1,1.75,0.14
FIFA World Cup,2026,Marcos Llorente,Spain,DF,187,6,2,1,0,0.33,0.0
FIFA World Cup,2026,Mikel Oyarzabal,Spain,FW,540,4,3,4,0,0.75,0.0
FIFA World Cup,2026,Pau Cubarsí,Spain,DF,630,3,4,2,1,1.33,0.25
FIFA World Cup,2026,Pedri,Spain,MF,440,7,3,5,1,0.43,0.33
FIFA World Cup,2026,Pedro Porro,Spain,DF,443,9,7,6,0,0.78,0.0
FIFA World Cup,2026,Rodri,Spain,MF,626,17,9,6,0,0.53,0.0
FIFA World Cup,2026,Álex Baena,Spain,MF,407,5,9,6,1,1.8,0.11
FIFA World Cup,2026,Gabriel Gudmundsson,Sweden,MF,330,3,5,7,1,1.67,0.2
FIFA World Cup,2026,Gustaf Lagerbielke,Sweden,DF,360,5,1,3,0,0.2,0.0
FIFA World Cup,2026,Isak Hien,Sweden,DF,216,3,3,3,1,1.0,0.33
FIFA World Cup,2026,Yasin Ayari,Sweden,MF,339,4,4,8,1,1.0,0.25
FIFA World Cup,2026,Dan Ndoye,Switzerland,MF,406,5,5,16,0,1.0,0.0
FIFA World Cup,2026,Denis Zakaria,Switzerland,DF,357,5,4,0,2,0.8,0.5
FIFA World Cup,2026,Fabian Rieder,Switzerland,MF,302,3,3,6,0,1.0,0.0
FIFA World Cup,2026,Granit Xhaka,Switzerland,MF,600,4,4,12,2,1.0,0.5
FIFA World Cup,2026,Manuel Akanji,Switzerland,DF,600,9,4,4,0,0.44,0.0
FIFA World Cup,2026,Remo Freuler,Switzerland,MF,592,5,8,3,0,1.6,0.0
FIFA World Cup,2026,Ricardo Rodríguez,Switzerland,DF,517,7,11,2,0,1.57,0.0
FIFA World Cup,2026,Ali Abdi,Tunisia,DF,269,8,4,1,0,0.5,0.0
FIFA World Cup,2026,Hannibal Mejbri,Tunisia,MF,270,4,4,15,0,1.0,0.0
FIFA World Cup,2026,Mohamed Amine Ben Hamida,Tunisia,DF,202,9,3,1,0,0.33,0.0
FIFA World Cup,2026,Abdülkerim Bardakcı,Turkey,DF,265,5,1,3,0,0.2,0.0
FIFA World Cup,2026,Arda Güler,Turkey,MF,270,3,3,10,0,1.0,0.0
FIFA World Cup,2026,Hakan Çalhanoğlu,Turkey,MF,180,3,2,1,0,0.67,0.0
FIFA World Cup,2026,Alex Freeman,United States,DF,374,6,1,1,0,0.17,0.0
FIFA World Cup,2026,Antonee Robinson,United States,DF,348,4,4,1,1,1.0,0.25
FIFA World Cup,2026,Chris Richards,United States,DF,360,3,8,3,1,2.67,0.12
FIFA World Cup,2026,Malik Tillman,United States,MF,356,7,3,13,1,0.43,0.33
FIFA World Cup,2026,Tyler Adams,United States,MF,341,5,5,6,1,1.0,0.2
FIFA World Cup,2026,Weston McKennie,United States,MF,443,7,8,2,1,1.14,0.12
FIFA World Cup,2026,Agustín Canobbio,Uruguay,FW,224,3,7,5,1,2.33,0.14
FIFA World Cup,2026,Juan Manuel Sanabria,Uruguay,DF,204,4,1,0,1,0.25,1.0
FIFA World Cup,2026,Mathías Olivera,Uruguay,DF,270,4,3,0,1,0.75,0.33
FIFA World Cup,2026,Rodrigo Bentancur,Uruguay,MF,270,5,7,5,1,1.4,0.14
FIFA World Cup,2026,Abbosbek Fayzullayev,Uzbekistan,MF,220,6,6,4,0,1.0,0.0
FIFA World Cup,2026,Abdukodir Khusanov,Uzbekistan,DF,270,3,6,0,2,2.0,0.33
FIFA World Cup,2026,Eldor Shomurodov,Uzbekistan,FW,269,4,8,4,0,2.0,0.0
Copa América,2019,Germán Pezzella,Argentina,DF,456,6,4,2,1,0.67,0.25
Copa América,2019,Giovani Lo Celso,Argentina,MF,370,9,14,8,1,1.56,0.07
Copa América,2019,Juan Foyth,Argentina,DF,354,13,7,3,3,0.54,0.43
Copa América,2019,Leandro Paredes,Argentina,MF,540,8,12,16,2,1.5,0.17
Copa América,2019,Lionel Messi,Argentina,FW,486,5,5,18,1,1.0,0.2
Copa América,2019,Nicolás Otamendi,Argentina,DF,540,6,8,2,1,1.33,0.12
Copa América,2019,Nicolás Tagliafico,Argentina,DF,534,10,14,10,3,1.4,0.21
Copa América,2019,Rodrigo De Paul,Argentina,MF,467,5,2,13,0,0.4,0.0
Copa América,2019,Sergio Agüero,Argentina,FW,467,4,11,4,1,2.75,0.09
Copa América,2019,Adrian Jusino,Bolivia,DF,270,3,3,2,0,1.0,0.0
Copa América,2019,Diego Bejarano,Bolivia,DF,270,4,0,5,0,0.0,
Copa América,2019,Leonel Justiniano,Bolivia,MF,270,4,9,4,1,2.25,0.11
Copa América,2019,Luis Haquín,Bolivia,DF,270,4,1,1,1,0.25,1.0
Copa América,2019,Marvin Bejarano,Bolivia,DF,251,3,1,5,0,0.33,0.0
Copa América,2019,Raúl Castro,Bolivia,MF,210,6,2,4,1,0.33,0.5
Copa América,2019,Alex Sandro,Brazil,DF,289,8,4,7,0,0.5,0.0
Copa América,2019,Arthur Melo,Brazil,MF,480,6,9,19,1,1.5,0.11
Copa América,2019,Casemiro,Brazil,MF,395,9,17,7,2,1.89,0.12
Copa América,2019,Dani Alves,Brazil,DF,534,11,11,10,1,1.0,0.09
Copa América,2019,Filipe Luís,Brazil,DF,281,8,4,3,1,0.5,0.25
Copa América,2019,Marquinhos,Brazil,DF,543,3,5,2,0,1.67,0.0
Copa América,2019,Philippe Coutinho,Brazil,MF,542,11,8,12,1,0.73,0.12
Copa América,2019,Roberto Firmino,Brazil,FW,528,8,10,5,1,1.25,0.1
Copa América,2019,Thiago Silva,Brazil,DF,570,3,4,4,2,1.33,0.5
Copa América,2019,Alexis Sánchez,Chile,FW,492,5,10,18,0,2.0,0.0
Copa América,2019,Arturo Vidal,Chile,MF,466,11,16,12,3,1.45,0.19
Copa América,2019,Charles Aránguiz,Chile,MF,562,7,10,16,1,1.43,0.1
Copa América,2019,Erick Pulgar,Chile,MF,570,9,19,3,2,2.11,0.11
Copa América,2019,Gary Medel,Chile,DF,480,5,1,3,1,0.2,1.0
Copa América,2019,Guillermo Maripán,Chile,DF,519,8,8,5,0,1.0,0.0
Copa América,2019,Jean Beausejour,Chile,DF,480,5,8,9,2,1.6,0.25
Copa América,2019,Mauricio Isla,Chile,DF,480,12,11,8,1,0.92,0.09
Copa América,2019,Juan Cuadrado,Colombia,MF,303,7,14,14,2,2.0,0.14
Copa América,2019,William Tesillo,Colombia,DF,300,3,2,3,0,0.67,0.0
Copa América,2019,Yerry Mina,Colombia,DF,300,3,2,2,0,0.67,0.0
Copa América,2019,Robert Arboleda,Ecuador,DF,180,3,5,0,2,1.67,0.4
Copa América,2019,Romario Ibarra,Ecuador,MF,195,4,3,5,0,0.75,0.0
Copa América,2019,Daiki Sugioka,Japan,DF,270,4,8,5,0,2.0,0.0
Copa América,2019,Gaku Shibasaki,Japan,MF,270,3,5,4,0,1.67,0.0
Copa América,2019,Naomichi Ueda,Japan,DF,270,3,2,1,1,0.67,0.5
Copa América,2019,Celso Ortiz,Paraguay,MF,214,3,1,3,0,0.33,0.0
Copa América,2019,Iván Piris,Paraguay,DF,300,6,8,4,2,1.33,0.25
Copa América,2019,Juan Rodrigo Rojas,Paraguay,MF,277,6,6,2,1,1.0,0.17
Copa América,2019,Júnior Alonso,Paraguay,DF,390,4,6,2,1,1.5,0.17
Copa América,2019,Miguel Almirón,Paraguay,MF,386,3,5,9,0,1.67,0.0
Copa América,2019,Richard Sánchez,Paraguay,MF,269,6,3,3,0,0.5,0.0
Copa América,2019,Santiago Arzamendia,Paraguay,DF,330,5,4,4,2,0.8,0.5
Copa América,2019,André Carrillo,Peru,MF,232,6,10,2,1,1.67,0.1
Copa América,2019,Carlos Zambrano,Peru,DF,474,6,7,9,3,1.17,0.43
Copa América,2019,Christian Cueva,Peru,MF,442,5,11,10,1,2.2,0.09
Copa América,2019,Christofer Gonzáles,Peru,MF,220,4,10,4,0,2.5,0.0
Copa América,2019,Jefferson Farfán,Peru,MF,270,3,6,4,0,2.0,0.0
Copa América,2019,Luis Advíncula,Peru,DF,570,10,17,15,3,1.7,0.18
Copa América,2019,Miguel Trauco,Peru,DF,570,7,4,3,0,0.57,0.0
Copa América,2019,Renato Tapia,Peru,MF,561,13,12,7,2,0.92,0.17
Copa América,2019,Yoshimar Yotún,Peru,MF,488,6,8,12,1,1.33,0.12
Copa América,2019,Assim Madibo,Qatar,MF,180,4,3,1,2,0.75,0.67
Copa América,2019,Bassam Al Rawi,Qatar,DF,270,4,3,1,0,0.75,0.0
Copa América,2019,Boualem Khoukhi,Qatar,DF,270,3,1,8,1,0.33,1.0
Copa América,2019,Ró-Ró,Qatar,DF,264,5,7,5,1,1.4,0.14
Copa América,2019,Diego Godín,Uruguay,DF,390,3,5,4,1,1.67,0.2
Copa América,2019,Edinson Cavani,Uruguay,FW,390,4,4,8,0,1.0,0.0
Copa América,2019,Giorgian De Arrascaeta,Uruguay,MF,226,4,2,13,0,0.5,0.0
Copa América,2019,Giovanni González,Uruguay,DF,273,4,1,2,1,0.25,1.0
Copa América,2019,José María Giménez,Uruguay,DF,390,7,4,5,1,0.57,0.25
Copa América,2019,Martín Cáceres,Uruguay,DF,390,5,5,2,0,1.0,0.0
Copa América,2019,Nicolás Lodeiro,Uruguay,MF,191,3,6,3,1,2.0,0.17
Copa América,2019,Rodrigo Bentancur,Uruguay,MF,390,7,12,4,0,1.71,0.0
Copa América,2019,Darwin Machís,Venezuela,MF,239,3,5,2,0,1.67,0.0
Copa América,2019,Junior Moreno,Venezuela,MF,347,4,2,3,0,0.5,0.0
Copa América,2019,Luis Mago,Venezuela,DF,219,5,4,0,3,0.8,0.75
Copa América,2019,Roberto Rosales,Venezuela,DF,352,5,4,3,0,0.8,0.0
Copa América,2019,Ronald Hernández,Venezuela,DF,283,5,4,2,0,0.8,0.0
Copa América,2019,Yangel Herrera,Venezuela,MF,245,5,6,7,2,1.2,0.33
Copa América,2021,Cristian Romero,Argentina,DF,258,3,3,3,0,1.0,0.0
Copa América,2021,Giovani Lo Celso,Argentina,MF,331,4,7,8,3,1.75,0.43
Copa América,2021,Gonzalo Montiel,Argentina,DF,339,7,6,2,2,0.86,0.33
Copa América,2021,Guido Rodríguez,Argentina,MF,427,8,9,6,1,1.12,0.11
Copa América,2021,Leandro Paredes,Argentina,MF,355,6,7,8,2,1.17,0.29
Copa América,2021,Lionel Messi,Argentina,FW,660,5,3,23,0,0.6,0.0
Copa América,2021,Marcos Acuña,Argentina,DF,360,4,9,9,1,2.25,0.11
Copa América,2021,Nahuel Molina,Argentina,DF,321,5,3,3,0,0.6,0.0
Copa América,2021,Nicolás González,Argentina,FW,308,4,6,7,1,1.5,0.17
Copa América,2021,Nicolás Otamendi,Argentina,DF,480,4,9,7,2,2.25,0.22
Copa América,2021,Rodrigo De Paul,Argentina,MF,498,6,10,16,1,1.67,0.1
Copa América,2021,Ángel Di María,Argentina,MF,277,3,2,7,0,0.67,0.0
Copa América,2021,Leonel Justiniano,Bolivia,MF,343,4,4,2,0,1.0,0.0
Copa América,2021,Roberto Fernández Toro,Bolivia,DF,288,3,2,2,0,0.67,0.0
Copa América,2021,Alex Sandro,Brazil,DF,182,4,4,0,1,1.0,0.25
Copa América,2021,Casemiro,Brazil,MF,478,9,10,1,0,1.11,0.0
Copa América,2021,Danilo,Brazil,DF,575,4,3,3,0,0.75,0.0
Copa América,2021,Everton Soares,Brazil,FW,268,3,3,2,0,1.0,0.0
Copa América,2021,Fabinho,Brazil,MF,192,5,1,3,0,0.2,0.0
Copa América,2021,Fred,Brazil,MF,460,9,5,4,1,0.56,0.2
Copa América,2021,Lucas Paquetá,Brazil,MF,354,11,9,11,1,0.82,0.11
Copa América,2021,Renan Lodi,Brazil,DF,384,4,9,6,2,2.25,0.22
Copa América,2021,Richarlison,Brazil,FW,461,5,6,18,0,1.2,0.0
Copa América,2021,Charles Aránguiz,Chile,MF,447,3,8,10,0,2.67,0.0
Copa América,2021,Erick Pulgar,Chile,MF,345,3,2,3,1,0.67,0.5
Copa América,2021,Eugenio Mena,Chile,DF,450,6,5,5,0,0.83,0.0
Copa América,2021,Francisco Sierralta,Chile,DF,270,3,5,5,2,1.67,0.4
Copa América,2021,Gary Medel,Chile,DF,420,3,3,3,1,1.0,0.33
Copa América,2021,Mauricio Isla,Chile,DF,450,5,2,4,1,0.4,0.5
Copa América,2021,Daniel Muñoz,Colombia,DF,480,6,16,5,2,2.67,0.12
Copa América,2021,Davinson Sánchez,Colombia,DF,525,4,5,3,0,1.25,0.0
Copa América,2021,Gustavo Cuellar,Colombia,MF,284,9,4,0,1,0.44,0.25
Copa América,2021,Juan Cuadrado,Colombia,MF,570,9,15,23,3,1.67,0.2
Copa América,2021,Mateus Uribe,Colombia,MF,240,4,3,3,2,0.75,0.67
Copa América,2021,Rafael Borré,Colombia,FW,292,5,10,3,1,2.0,0.1
Copa América,2021,William Tesillo,Colombia,DF,541,13,10,3,0,0.77,0.0
Copa América,2021,Wílmar Barrios,Colombia,MF,659,18,14,13,3,0.78,0.21
Copa América,2021,Yerry Mina,Colombia,DF,624,3,10,4,0,3.33,0.0
Copa América,2021,Ayrton Preciado,Ecuador,MF,281,3,5,0,0,1.67,0.0
Copa América,2021,Jhegson Méndez,Ecuador,MF,416,7,6,1,0,0.86,0.0
Copa América,2021,Moisés Caicedo,Ecuador,MF,296,3,6,2,1,2.0,0.17
Copa América,2021,Pervis Estupiñán,Ecuador,DF,450,6,19,8,2,3.17,0.11
Copa América,2021,Piero Hincapié,Ecuador,DF,449,7,8,5,2,1.14,0.25
Copa América,2021,Robert Arboleda,Ecuador,DF,450,3,2,1,0,0.67,0.0
Copa América,2021,Ángelo Preciado,Ecuador,DF,442,6,7,7,2,1.17,0.29
Copa América,2021,Alberto Espínola,Paraguay,DF,446,14,8,7,2,0.57,0.25
Copa América,2021,Héctor David Martínez,Paraguay,DF,261,3,1,2,1,0.33,1.0
Copa América,2021,Júnior Alonso,Paraguay,DF,480,5,9,1,1,1.8,0.11
Copa América,2021,Mathías Villasanti,Paraguay,MF,303,4,7,4,1,1.75,0.14
Copa América,2021,Ángel Romero,Paraguay,MF,415,5,6,5,0,1.2,0.0
Copa América,2021,Aldo Corzo,Peru,DF,600,9,7,4,0,0.78,0.0
Copa América,2021,Alexander Callens,Peru,DF,386,4,6,1,0,1.5,0.0
Copa América,2021,Anderson Santamaría,Peru,DF,300,5,1,1,1,0.2,1.0
Copa América,2021,Christian Cueva,Peru,FW,597,8,5,27,2,0.62,0.4
Copa América,2021,Miguel Trauco,Peru,DF,345,6,3,2,0,0.5,0.0
Copa América,2021,Renato Tapia,Peru,MF,573,7,7,13,0,1.0,0.0
Copa América,2021,Sergio Peña,Peru,MF,541,7,8,7,0,1.14,0.0
Copa América,2021,Yoshimar Yotún,Peru,MF,642,12,9,14,2,0.75,0.22
Copa América,2021,Federico Valverde,Uruguay,MF,417,7,1,4,1,0.14,1.0
Copa América,2021,Giorgian de Arrascaeta,Uruguay,MF,264,3,3,5,0,1.0,0.0
Copa América,2021,José María Giménez,Uruguay,DF,450,4,9,6,0,2.25,0.0
Copa América,2021,Luis Suárez,Uruguay,FW,380,3,3,8,0,1.0,0.0
Copa América,2021,Matías Vecino,Uruguay,MF,343,7,8,5,0,1.14,0.0
Copa América,2021,Rodrigo Bentancur,Uruguay,MF,255,7,6,3,0,0.86,0.0
Copa América,2021,Adrián Martínez,Venezuela,DF,270,4,1,4,0,0.25,0.0
Copa América,2021,Alexander González,Venezuela,DF,289,7,4,2,0,0.57,0.0
Copa América,2021,José Andrés Martínez,Venezuela,MF,288,5,6,7,1,1.2,0.17
Copa América,2021,Junior Moreno,Venezuela,MF,351,4,4,3,0,1.0,0.0
Copa América,2021,Luis Mago,Venezuela,DF,360,7,3,3,1,0.43,0.33
Copa América,2024,Alexis Mac Allister,Argentina,MF,443,7,7,8,1,1.0,0.14
Copa América,2024,Cristian Romero,Argentina,DF,480,15,3,3,0,0.2,0.0
Copa América,2024,Julián Álvarez,Argentina,FW,346,3,5,2,0,1.67,0.0
Copa América,2024,Lisandro Martínez,Argentina,DF,467,4,4,2,0,1.0,0.0
Copa América,2024,Nahuel Molina,Argentina,DF,328,8,1,1,1,0.12,1.0
Copa América,2024,Nicolás Tagliafico,Argentina,DF,447,4,4,8,1,1.0,0.25
Copa América,2024,Rodrigo De Paul,Argentina,MF,480,8,7,11,1,0.88,0.14
Copa América,2024,Ángel Di María,Argentina,MF,354,4,0,6,0,0.0,
Copa América,2024,Héctor Cuellar,Bolivia,DF,225,5,3,1,0,0.6,0.0
Copa América,2024,José Sagredo,Bolivia,DF,270,7,0,4,0,0.0,
Copa América,2024,Bruno Guimarães,Brazil,MF,332,8,13,10,1,1.62,0.08
Copa América,2024,João Gomes,Brazil,MF,324,6,10,6,2,1.67,0.2
Copa América,2024,Lucas Paquetá,Brazil,MF,293,12,4,4,2,0.33,0.5
Copa América,2024,Marquinhos,Brazil,DF,360,7,1,3,0,0.14,0.0
Copa América,2024,Raphinha,Brazil,FW,259,5,4,6,0,0.8,0.0
Copa América,2024,Rodrygo,Brazil,FW,326,4,1,7,0,0.25,0.0
Copa América,2024,Alistair Johnston,Canada,DF,511,17,8,5,1,0.47,0.12
Copa América,2024,Alphonso Davies,Canada,DF,459,12,3,4,1,0.25,0.33
Copa América,2024,Derek Cornelius,Canada,DF,429,6,9,2,2,1.5,0.22
Copa América,2024,Ismaël Koné,Canada,MF,319,5,4,8,3,0.8,0.75
Copa América,2024,Jacob Shaffelburg,Canada,FW,346,7,3,4,1,0.43,0.33
Copa América,2024,Jonathan David,Canada,MF,446,3,6,12,1,2.0,0.17
Copa América,2024,Jonathan Osorio,Canada,MF,317,5,4,2,0,0.8,0.0
Copa América,2024,Moïse Bombito,Canada,DF,540,7,4,1,1,0.57,0.25
Copa América,2024,Richie Laryea,Canada,DF,366,8,4,12,1,0.5,0.25
Copa América,2024,Stephen Eustáquio,Canada,MF,431,5,12,2,1,2.4,0.08
Copa América,2024,Erick Pulgar,Chile,MF,210,7,1,3,1,0.14,1.0
Copa América,2024,Gabriel Suazo,Chile,DF,206,4,6,3,4,1.5,0.67
Copa América,2024,Mauricio Isla,Chile,DF,266,6,2,3,1,0.33,0.5
Copa América,2024,Carlos Cuesta,Colombia,DF,480,7,3,2,1,0.43,0.33
Copa América,2024,Daniel Muñoz,Colombia,DF,386,12,13,8,3,1.08,0.23
Copa América,2024,Davinson Sánchez,Colombia,DF,570,10,8,2,0,0.8,0.0
Copa América,2024,James Rodríguez,Colombia,FW,463,4,5,11,1,1.25,0.2
Copa América,2024,Jefferson Lerma,Colombia,MF,422,6,5,4,2,0.83,0.4
Copa América,2024,Jhon Arias,Colombia,MF,483,8,15,11,0,1.88,0.0
Copa América,2024,Johan Mojica,Colombia,DF,525,10,2,8,0,0.2,0.0
Copa América,2024,Luis Díaz,Colombia,FW,507,5,14,11,0,2.8,0.0
Copa América,2024,Francisco Calvo,Costa Rica,DF,270,3,1,4,1,0.33,1.0
Copa América,2024,Jeyland Mitchell,Costa Rica,DF,270,6,3,2,0,0.5,0.0
Copa América,2024,Juan Pablo Vargas,Costa Rica,DF,270,4,1,0,0,0.25,0.0
Copa América,2024,Orlando Galo,Costa Rica,MF,270,3,3,5,1,1.0,0.33
Copa América,2024,Félix Torres Caicedo,Ecuador,DF,360,3,1,0,0,0.33,0.0
Copa América,2024,Jeremy Sarmiento,Ecuador,FW,301,8,3,10,1,0.38,0.33
Copa América,2024,Kendry Páez,Ecuador,MF,306,9,2,2,1,0.22,0.5
Copa América,2024,Moisés Caicedo,Ecuador,MF,360,4,11,10,2,2.75,0.18
Copa América,2024,Piero Hincapié,Ecuador,DF,360,6,8,8,0,1.33,0.0
Copa América,2024,Willian Pacho,Ecuador,DF,360,4,3,1,0,0.75,0.0
Copa América,2024,Ángelo Preciado,Ecuador,DF,359,9,6,6,0,0.67,0.0
Copa América,2024,Ethan Pinnock,Jamaica,DF,270,3,0,1,0,0.0,
Copa América,2024,Kasey Palmer,Jamaica,MF,270,8,3,4,0,0.38,0.0
Copa América,2024,Gerardo Arteaga,Mexico,DF,269,3,3,0,0,1.0,0.0
Copa América,2024,Johan Vásquez,Mexico,DF,270,5,5,0,1,1.0,0.2
Copa América,2024,Jorge Eduardo Sánchez,Mexico,DF,270,5,5,0,1,1.0,0.2
Copa América,2024,Julián Quiñones,Mexico,FW,252,5,3,5,0,0.6,0.0
Copa América,2024,Edgardo Fariña,Panama,DF,360,4,8,3,2,2.0,0.25
Copa América,2024,Erick Davis,Panama,DF,352,5,6,2,0,1.2,0.0
Copa América,2024,José Cordoba,Panama,DF,360,4,2,2,1,0.5,0.5
Copa América,2024,Damián Bobadilla,Paraguay,MF,197,5,2,3,0,0.4,0.0
Copa América,2024,Fabián Balbuena,Paraguay,DF,270,4,0,0,1,0.0,
Copa América,2024,Gustavo Velásquez,Paraguay,DF,253,4,1,4,1,0.25,1.0
Copa América,2024,Julio Enciso,Paraguay,FW,251,4,3,8,0,0.75,0.0
Copa América,2024,Mathías Villasanti,Paraguay,MF,242,3,6,5,0,2.0,0.0
Copa América,2024,Miguel Almirón,Paraguay,FW,180,3,4,2,1,1.33,0.25
Copa América,2024,Omar Alderete,Paraguay,DF,270,3,6,2,1,2.0,0.17
Copa América,2024,Alexander Callens,Peru,DF,263,4,2,2,0,0.5,0.0
Copa América,2024,Carlos Zambrano,Peru,DF,258,3,3,3,2,1.0,0.67
Copa América,2024,Edison Flores,Peru,FW,186,3,7,5,1,2.33,0.14
Copa América,2024,Marcos López,Peru,DF,222,3,4,8,0,1.33,0.0
Copa América,2024,Sergio Peña,Peru,MF,258,6,4,4,1,0.67,0.25
Copa América,2024,Wilder Cartagena,Peru,MF,225,6,10,1,1,1.67,0.1
Copa América,2024,Antonee Robinson,United States,DF,270,5,2,5,1,0.4,0.5
Copa América,2024,Christian Pulisic,United States,FW,270,3,2,5,0,0.67,0.0
Copa América,2024,Joe Scally,United States,DF,258,3,1,11,0,0.33,0.0
Copa América,2024,Darwin Núñez,Uruguay,FW,472,3,6,6,1,2.0,0.17
Copa América,2024,Facundo Pellistri,Uruguay,FW,447,8,11,6,0,1.38,0.0
Copa América,2024,Federico Valverde,Uruguay,MF,529,7,3,4,0,0.43,0.0
Copa América,2024,Manuel Ugarte Ribeiro,Uruguay,MF,493,19,9,7,1,0.47,0.11
Copa América,2024,Mathías Olivera,Uruguay,DF,374,9,2,3,0,0.22,0.0
Copa América,2024,Matías Viña,Uruguay,DF,353,5,1,3,1,0.2,1.0
Copa América,2024,Maximiliano Araújo,Uruguay,FW,446,3,10,11,0,3.33,0.0
Copa América,2024,Nahitan Nández,Uruguay,DF,433,10,13,6,1,1.3,0.08
Copa América,2024,Nicolás De La Cruz,Uruguay,MF,352,3,10,15,2,3.33,0.2
Copa América,2024,Ronald Araújo,Uruguay,DF,257,4,1,1,0,0.25,0.0
Copa América,2024,Sebastián Cáceres,Uruguay,DF,258,4,2,5,0,0.5,0.0
Copa América,2024,Alexander González,Venezuela,DF,180,3,1,0,0,0.33,0.0
Copa América,2024,Eduard Bello,Venezuela,FW,288,3,1,1,0,0.33,0.0
Copa América,2024,Jon Aramburu,Venezuela,DF,260,18,6,3,1,0.33,0.17
Copa América,2024,José Andrés Martínez,Venezuela,MF,359,11,6,6,0,0.55,0.0
Copa América,2024,Miguel Navarro,Venezuela,DF,270,4,4,2,1,1.0,0.25
Copa América,2024,Nahuel Ferraresi,Venezuela,DF,270,6,1,4,1,0.17,1.0
Copa América,2024,Yangel Herrera,Venezuela,MF,326,4,4,8,0,1.0,0.0
Copa América,2024,Yordan Osorio,Venezuela,DF,359,4,2,2,0,0.5,0.0
