tournament_year,match_date,home_team,away_team,decision_type,beneficiary_team,against_team,description,source_url
2018,2018-06-16,France,Australia,penalty_awarded,France,Australia,"On-field review: penalty awarded to France for Risdon's challenge on Griezmann (first ever World Cup on-field review); Griezmann scored, Risdon booked.",https://refsix.com/news/2018/7/18/every-var-on-field-review-at-the-fifa-world-cup-2018
2018,2018-06-16,Peru,Denmark,penalty_awarded,Peru,Denmark,Penalty awarded to Peru after video review for Poulsen's foul on Cueva; Cueva missed. Note: REFSIX's text reverses the teams; Wikipedia's match report confirms Peru were awarded the penalty.,https://en.wikipedia.org/wiki/2018_FIFA_World_Cup_Group_C
2018,2018-06-17,Costa Rica,Serbia,other,Serbia,,"First on-field review for a potential red card: Prijovic (Serbia) raised hand to opponent's face; referee judged no violent conduct, yellow card only.",https://refsix.com/news/2018/7/18/every-var-on-field-review-at-the-fifa-world-cup-2018
2018,2018-06-18,Sweden,South Korea,penalty_awarded,Sweden,South Korea,VAR alerted referee to a missed penalty; Sweden awarded penalty for foul on Claesson.,https://refsix.com/news/2018/7/18/every-var-on-field-review-at-the-fifa-world-cup-2018
2018,2018-06-19,Russia,Egypt,penalty_awarded,Egypt,Russia,Factual VAR decision (no on-field review): free kick on the edge of the box for foul on Salah upgraded to a penalty as the foul continued into the area.,https://refsix.com/news/2018/7/18/every-var-on-field-review-at-the-fifa-world-cup-2018
2018,2018-06-21,Denmark,Australia,penalty_awarded,Australia,Denmark,On-field review: penalty awarded to Australia for handball by Poulsen.,https://refsix.com/news/2018/7/18/every-var-on-field-review-at-the-fifa-world-cup-2018
2018,2018-06-21,France,Peru,other,,,"Mistaken identity correction: caution initially given to Flores (Peru) transferred to Aquino (Peru), who had fouled Fekir. No team advantage changed.",https://refsix.com/news/2018/7/18/every-var-on-field-review-at-the-fifa-world-cup-2018
2018,2018-06-22,Brazil,Costa Rica,penalty_rescinded,Costa Rica,Brazil,Penalty awarded to Brazil (Neymar shirt pull claim) overturned after on-field review.,https://refsix.com/news/2018/7/18/every-var-on-field-review-at-the-fifa-world-cup-2018
2018,2018-06-22,Nigeria,Iceland,penalty_awarded,Iceland,Nigeria,On-field review: penalty to Iceland for Ebuehi's challenge on Finnbogason; Sigurdsson missed.,https://refsix.com/news/2018/7/18/every-var-on-field-review-at-the-fifa-world-cup-2018
2018,2018-06-25,Saudi Arabia,Egypt,other,Saudi Arabia,,First rejected on-field review: referee reviewed his penalty award to Saudi Arabia (push on Al-Muwallad) and stuck with the original decision; penalty stood.,https://refsix.com/news/2018/7/18/every-var-on-field-review-at-the-fifa-world-cup-2018
2018,2018-06-25,Spain,Morocco,goal_awarded,Spain,Morocco,"Aspas's late equaliser, initially flagged offside, awarded after VAR determined the offside call was incorrect (factual decision, no on-field review).",https://refsix.com/news/2018/7/18/every-var-on-field-review-at-the-fifa-world-cup-2018
2018,2018-06-25,Iran,Portugal,penalty_awarded,Portugal,Iran,On-field review: penalty to Portugal for Ezatolahi's challenge on Ronaldo (Ronaldo's kick saved).,https://refsix.com/news/2018/7/18/every-var-on-field-review-at-the-fifa-world-cup-2018
2018,2018-06-25,Iran,Portugal,other,Portugal,,On-field review of potential red card for Ronaldo's arm on Pouraliganji; referee issued yellow card only.,https://refsix.com/news/2018/7/18/every-var-on-field-review-at-the-fifa-world-cup-2018
2018,2018-06-25,Iran,Portugal,penalty_awarded,Iran,Portugal,On-field review: penalty to Iran for handball by Cedric Soares; Iran equalised from the spot.,https://refsix.com/news/2018/7/18/every-var-on-field-review-at-the-fifa-world-cup-2018
2018,2018-06-26,Nigeria,Argentina,other,Argentina,Nigeria,On-field review of possible Rojo handball in his own area (Nigeria appeal); referee Cakir stuck with no penalty.,https://refsix.com/news/2018/7/18/every-var-on-field-review-at-the-fifa-world-cup-2018
2018,2018-06-27,South Korea,Germany,goal_awarded,South Korea,Germany,"Kim Young-gwon's stoppage-time goal, flagged offside, awarded after review determined Kroos (Germany) played the ball.",https://refsix.com/news/2018/7/18/every-var-on-field-review-at-the-fifa-world-cup-2018
2018,2018-06-27,Mexico,Sweden,other,Mexico,,On-field review of possible Hernandez handball (Sweden penalty appeal); referee Pitana stuck with no penalty.,https://refsix.com/news/2018/7/18/every-var-on-field-review-at-the-fifa-world-cup-2018
2018,2018-06-27,Switzerland,Costa Rica,penalty_rescinded,Switzerland,Costa Rica,"Penalty awarded to Costa Rica overturned: Ruiz was offside when he received the ball (factual decision, no on-field review).",https://refsix.com/news/2018/7/18/every-var-on-field-review-at-the-fifa-world-cup-2018
2018,2018-06-28,Senegal,Colombia,penalty_rescinded,Colombia,Senegal,Penalty awarded to Senegal (challenge on Mane) overturned after on-field review: Sanchez played the ball.,https://refsix.com/news/2018/7/18/every-var-on-field-review-at-the-fifa-world-cup-2018
2018,2018-07-03,Sweden,Switzerland,penalty_rescinded,Switzerland,Sweden,R16: penalty to Sweden changed to a free kick after on-field review (Lang's foul on Olsson occurred outside the box); Lang's red card for DOGSO stood.,https://refsix.com/news/2018/7/18/every-var-on-field-review-at-the-fifa-world-cup-2018
2018,2018-07-15,France,Croatia,penalty_awarded,France,Croatia,"Final: on-field review for Perisic handball after a corner; penalty awarded, Griezmann scored to make it 2-1.",https://refsix.com/news/2018/7/18/every-var-on-field-review-at-the-fifa-world-cup-2018
2022,2022-11-20,Qatar,Ecuador,goal_disallowed,Qatar,Ecuador,Valencia's early goal for Ecuador ruled out for offside via semi-automated offside technology.,https://web.archive.org/web/20260716205424/https://www.espn.com/soccer/story/_/id/37634070/var-review-every-decision-world-cup-analysed
2022,2022-11-21,England,Iran,penalty_awarded,Iran,England,Penalty to Iran for foul by Stones on Pouraliganji after VAR review; Taremi scored.,https://web.archive.org/web/20260716205424/https://www.espn.com/soccer/story/_/id/37634070/var-review-every-decision-world-cup-analysed
2022,2022-11-22,Argentina,Saudi Arabia,penalty_awarded,Argentina,Saudi Arabia,VAR review: penalty to Argentina for Abdulhamid holding Paredes at a corner; Messi scored.,https://web.archive.org/web/20260716205424/https://www.espn.com/soccer/story/_/id/37634070/var-review-every-decision-world-cup-analysed
2022,2022-11-22,Argentina,Saudi Arabia,goal_disallowed,Saudi Arabia,Argentina,Lautaro Martinez's 27th-minute goal disallowed for offside via semi-automated offside technology (shoulder ahead of last defender).,https://web.archive.org/web/20260716205424/https://www.espn.com/soccer/story/_/id/37634070/var-review-every-decision-world-cup-analysed
2022,2022-11-22,Mexico,Poland,penalty_awarded,Poland,Mexico,VAR review: penalty to Poland for foul by Moreno on Lewandowski; Ochoa saved.,https://web.archive.org/web/20260716205424/https://www.espn.com/soccer/story/_/id/37634070/var-review-every-decision-world-cup-analysed
2022,2022-11-22,Denmark,Tunisia,other,Tunisia,Denmark,Rejected on-field review: VAR advised penalty to Denmark for Meriah handball; referee Ramos instead penalised a prior foul by Jensen (Denmark) and gave Tunisia a free kick.,https://web.archive.org/web/20260716205424/https://www.espn.com/soccer/story/_/id/37634070/var-review-every-decision-world-cup-analysed
2022,2022-11-23,Germany,Japan,goal_disallowed,Japan,Germany,Havertz goal disallowed for offside after VAR review.,https://web.archive.org/web/20260716205424/https://www.espn.com/soccer/story/_/id/37634070/var-review-every-decision-world-cup-analysed
2022,2022-11-23,Belgium,Canada,penalty_awarded,Canada,Belgium,VAR review: penalty to Canada for handball by Carrasco; Davies's kick saved by Courtois.,https://web.archive.org/web/20260716205424/https://www.espn.com/soccer/story/_/id/37634070/var-review-every-decision-world-cup-analysed
2022,2022-11-25,Wales,Iran,red_card_issued,Iran,Wales,On-field review: Wales goalkeeper Hennessey's challenge upgraded to a straight red card (only VAR red card of the tournament).,https://web.archive.org/web/20260716205424/https://www.espn.com/soccer/story/_/id/37634070/var-review-every-decision-world-cup-analysed
2022,2022-11-25,Wales,Iran,goal_disallowed,Wales,Iran,Gholizadeh goal for Iran disallowed for offside after VAR review.,https://web.archive.org/web/20260716205424/https://www.espn.com/soccer/story/_/id/37634070/var-review-every-decision-world-cup-analysed
2022,2022-11-26,Poland,Saudi Arabia,penalty_awarded,Saudi Arabia,Poland,VAR review: penalty to Saudi Arabia for foul by Bielik on Al-Shehri; Al-Dawsari's kick saved by Szczesny.,https://web.archive.org/web/20260716205424/https://www.espn.com/soccer/story/_/id/37634070/var-review-every-decision-world-cup-analysed
2022,2022-11-27,Belgium,Morocco,goal_disallowed,Belgium,Morocco,Ziyech free-kick goal disallowed: Saiss offside in front of the goalkeeper.,https://web.archive.org/web/20260716205424/https://www.espn.com/soccer/story/_/id/37634070/var-review-every-decision-world-cup-analysed
2022,2022-11-27,Spain,Germany,goal_disallowed,Spain,Germany,Rudiger goal disallowed for offside after VAR review.,https://web.archive.org/web/20260716205424/https://www.espn.com/soccer/story/_/id/37634070/var-review-every-decision-world-cup-analysed
2022,2022-11-28,Cameroon,Serbia,goal_awarded,Cameroon,Serbia,Aboubakar goal awarded after incorrect offside flag was overturned by VAR.,https://web.archive.org/web/20260716205424/https://www.espn.com/soccer/story/_/id/37634070/var-review-every-decision-world-cup-analysed
2022,2022-11-28,Brazil,Switzerland,goal_disallowed,Switzerland,Brazil,Vinicius Junior goal disallowed: Richarlison offside in the build-up.,https://web.archive.org/web/20260716205424/https://www.espn.com/soccer/story/_/id/37634070/var-review-every-decision-world-cup-analysed
2022,2022-11-28,Portugal,Uruguay,penalty_awarded,Portugal,Uruguay,VAR review: penalty to Portugal for handball by Gimenez; Bruno Fernandes scored.,https://web.archive.org/web/20260716205424/https://www.espn.com/soccer/story/_/id/37634070/var-review-every-decision-world-cup-analysed
2022,2022-11-29,Netherlands,Qatar,goal_disallowed,Qatar,Netherlands,Berghuis goal disallowed for handball by Gakpo in the build-up.,https://web.archive.org/web/20260716205424/https://www.espn.com/soccer/story/_/id/37634070/var-review-every-decision-world-cup-analysed
2022,2022-11-30,Poland,Argentina,penalty_awarded,Argentina,Poland,On-field review: penalty to Argentina for Szczesny's glove contact on Messi's face; Szczesny saved Messi's kick. ESPN judged the intervention unnecessary.,https://web.archive.org/web/20260716205424/https://www.espn.com/soccer/story/_/id/37634070/var-review-every-decision-world-cup-analysed
2022,2022-11-30,Tunisia,France,goal_disallowed,Tunisia,France,Griezmann's 98th-minute equaliser disallowed for offside after VAR review (played after full-time whistle sequence; ESPN questioned the process).,https://web.archive.org/web/20260716205424/https://www.espn.com/soccer/story/_/id/37634070/var-review-every-decision-world-cup-analysed
2022,2022-12-01,Croatia,Belgium,penalty_rescinded,Belgium,Croatia,Penalty awarded to Croatia (Carrasco on Kramaric) cancelled after on-field review for a marginal offside against Lovren in the build-up.,https://web.archive.org/web/20260716205424/https://www.espn.com/soccer/story/_/id/37634070/var-review-every-decision-world-cup-analysed
2022,2022-12-01,Japan,Spain,goal_awarded,Japan,Spain,Tanaka's winner allowed after VAR review: ball ruled (by millimetres) not to have fully crossed the byline before Mitoma's cutback.,https://web.archive.org/web/20260716205424/https://www.espn.com/soccer/story/_/id/37634070/var-review-every-decision-world-cup-analysed
2022,2022-12-01,Costa Rica,Germany,goal_awarded,Germany,Costa Rica,Fullkrug goal awarded after incorrect offside flag was overturned by VAR.,https://web.archive.org/web/20260716205424/https://www.espn.com/soccer/story/_/id/37634070/var-review-every-decision-world-cup-analysed
2022,2022-12-02,Ghana,Uruguay,penalty_awarded,Ghana,Uruguay,"VAR review: offside flag against Andre Ayew invalidated (played onside), opening review of Rochet's collision with Kudus; penalty to Ghana, Andre Ayew's kick saved.",https://web.archive.org/web/20260716205424/https://www.espn.com/soccer/story/_/id/37634070/var-review-every-decision-world-cup-analysed
2022,2022-12-02,Ghana,Uruguay,other,Ghana,Uruguay,Rejected on-field review: VAR advised penalty review for Amartey's challenge on Nunez; referee Siebert stuck with no penalty.,https://web.archive.org/web/20260716205424/https://www.espn.com/soccer/story/_/id/37634070/var-review-every-decision-world-cup-analysed
2022,2022-12-04,France,Poland,penalty_awarded,Poland,France,R16: VAR review awarded Poland a stoppage-time penalty for handball by Upamecano.,https://web.archive.org/web/20260716205424/https://www.espn.com/soccer/story/_/id/37634070/var-review-every-decision-world-cup-analysed
2022,2022-12-04,France,Poland,other,Poland,France,"R16: Lewandowski's penalty was saved by Lloris, but VAR ordered a retake because Lloris was off his line; Lewandowski converted the retake.",https://web.archive.org/web/20260716205424/https://www.espn.com/soccer/story/_/id/37634070/var-review-every-decision-world-cup-analysed
2022,2022-12-10,England,France,penalty_awarded,England,France,QF: VAR review awarded England an 84th-minute penalty for Theo Hernandez's push on Mount; Kane shot over the bar.,https://web.archive.org/web/20260716205424/https://www.espn.com/soccer/story/_/id/37634070/var-review-every-decision-world-cup-analysed
2026,2026-06-17,Argentina,Algeria,goal_disallowed,Argentina,Algeria,8': Chaibi (Algeria) goal ruled out after VAR review (ESPN feed; ground for overturn not stated in feed).,https://site.api.espn.com/apis/site/v2/sports/soccer/fifa.world/summary?event=760433
2026,2026-06-17,Austria,Jordan,goal_disallowed,Jordan,Austria,67': Arnautovic (Austria) goal ruled out after VAR review (ESPN feed).,https://site.api.espn.com/apis/site/v2/sports/soccer/fifa.world/summary?event=760431
2026,2026-06-21,Spain,Saudi Arabia,goal_disallowed,Saudi Arabia,Spain,90+2': Ferran Torres (Spain) goal ruled out after VAR review (ESPN feed).,https://site.api.espn.com/apis/site/v2/sports/soccer/fifa.world/summary?event=760453
2026,2026-06-21,Belgium,Iran,goal_disallowed,Belgium,Iran,25': Taremi (Iran) goal ruled out for offside after VAR check (ESPN feed; ESPN VAR review column).,https://www.espn.co.uk/football/story/_/id/49027532/world-cup-2026-var-review-red-card-penalty-handball-goal-line-technology
2026,2026-06-23,Portugal,Uzbekistan,goal_disallowed,Portugal,Uzbekistan,29': G'aniev (Uzbekistan) goal ruled out after VAR review (ESPN feed).,https://site.api.espn.com/apis/site/v2/sports/soccer/fifa.world/summary?event=760461
2026,2026-06-24,Scotland,Brazil,goal_disallowed,Scotland,Brazil,22': Vinicius Junior (Brazil) goal ruled out after VAR review (ESPN feed).,https://site.api.espn.com/apis/site/v2/sports/soccer/fifa.world/summary?event=760465
2026,2026-06-27,Egypt,Iran,goal_disallowed,Egypt,Iran,90+3': Khalilzadeh (Iran) stoppage-time goal ruled out for offside after VAR review (ESPN feed; ESPN VAR review column).,https://www.espn.co.uk/football/story/_/id/49027532/world-cup-2026-var-review-red-card-penalty-handball-goal-line-technology
2026,2026-06-27,DR Congo,Uzbekistan,goal_disallowed,Uzbekistan,DR Congo,17': Mbuku (DR Congo) goal disallowed after VAR review for a foul in the build-up (Mbuku caught Nasrullaev with his hand; ESPN VAR review column).,https://www.espn.co.uk/football/story/_/id/49027532/world-cup-2026-var-review-red-card-penalty-handball-goal-line-technology
2026,2026-06-29,Germany,Paraguay,goal_disallowed,Paraguay,Germany,"R32, 102' (extra time): Tah (Germany) goal disallowed after on-field review for a foul by Anton on Paraguay goalkeeper Gill (ESPN feed; ESPN VAR review column).",https://www.espn.co.uk/football/story/_/id/49027532/world-cup-2026-var-review-red-card-penalty-handball-goal-line-technology
2026,2026-07-02,Portugal,Croatia,goal_disallowed,Portugal,Croatia,"R32, 90+13': Gvardiol (Croatia) goal ruled out (offside per ESPN VAR review column) after VAR review.",https://www.espn.co.uk/football/story/_/id/49027532/world-cup-2026-var-review-red-card-penalty-handball-goal-line-technology
2026,2026-07-07,Argentina,Egypt,goal_disallowed,Argentina,Egypt,"R16, 58' (feed) / 62' (ESPN column): Mostafa Zico's goal that would have put Egypt 2-0 up disallowed after on-field review for a foul by Attia on Lisandro Martinez (shirt hold + stepping on foot) at the start of the counter. ESPN's VAR expert called it 'probably an intervention too far'. Argentina came back to win 3-2.",https://www.espn.co.uk/football/story/_/id/49027532/world-cup-2026-var-review-red-card-penalty-handball-goal-line-technology
2026,2026-07-11,Norway,England,goal_disallowed,England,Norway,"QF, 55': Heggem (Norway) goal ruled out after VAR review for a foul by Haaland on Anderson in the build-up (ESPN feed; Wikipedia/BBC).",https://site.api.espn.com/apis/site/v2/sports/soccer/fifa.world/summary?event=760512
2026,2026-06-15,Sweden,Tunisia,goal_awarded,Sweden,Tunisia,84': Svanberg (Sweden) goal awarded after VAR review using Connected Ball Tracking technology overturned the on-field offside/no-goal decision (ESPN VAR review column).,https://www.espn.co.uk/football/story/_/id/49027532/world-cup-2026-var-review-red-card-penalty-handball-goal-line-technology
2026,2026-06-19,United States,Australia,goal_awarded,United States,Australia,43': Freeman (USA) header awarded following VAR review after an on-field offside decision (ESPN feed; ESPN VAR review column).,https://www.espn.co.uk/football/story/_/id/49027532/world-cup-2026-var-review-red-card-penalty-handball-goal-line-technology
2026,2026-06-27,Croatia,Ghana,goal_awarded,Ghana,Croatia,73': Luckassen (Ghana) equaliser awarded after VAR review (ESPN feed: 'VAR Decision: Goal Croatia 1-1 Ghana').,https://site.api.espn.com/apis/site/v2/sports/soccer/fifa.world/summary?event=760480
2026,2026-06-17,Austria,Jordan,penalty_awarded,Austria,Jordan,90+10': VAR decision: penalty to Austria for handball by Obaid; Arnautovic converted (ESPN feed).,https://site.api.espn.com/apis/site/v2/sports/soccer/fifa.world/summary?event=760431
2026,2026-06-22,Argentina,Austria,penalty_awarded,Argentina,Austria,7': VAR decision: penalty to Argentina; Messi's kick missed to the right at 9' (ESPN feed).,https://site.api.espn.com/apis/site/v2/sports/soccer/fifa.world/summary?event=760456
2026,2026-06-28,Jordan,Argentina,penalty_awarded,Argentina,Jordan,29': VAR decision: penalty to Argentina; Lautaro Martinez converted for 2-0 (ESPN feed).,https://site.api.espn.com/apis/site/v2/sports/soccer/fifa.world/summary?event=760483
2026,2026-07-01,Belgium,Senegal,penalty_awarded,Belgium,Senegal,"R32, extra time: penalty to Belgium (Camara foul on Tielemans, 117') confirmed after the referee was called to the monitor by VAR; Tielemans converted for 3-2 (ESPN feed; ESPN VAR review column).",https://www.espn.co.uk/football/story/_/id/49027532/world-cup-2026-var-review-red-card-penalty-handball-goal-line-technology
2026,2026-07-02,Portugal,Croatia,penalty_awarded,Portugal,Croatia,"R32, 64'-65': penalty to Portugal (Vlasic foul on Veiga) with 'VAR Decision: Penalty Portugal' logged; Ronaldo converted (ESPN feed).",https://site.api.espn.com/apis/site/v2/sports/soccer/fifa.world/summary?event=760496
2026,2026-07-04,Paraguay,France,penalty_awarded,France,Paraguay,"R16, 67': VAR intervention (on-field review) awarded France a penalty; Mbappe converted (ESPN feed; ESPN VAR review column).",https://www.espn.co.uk/football/story/_/id/49027532/world-cup-2026-var-review-red-card-penalty-handball-goal-line-technology
2026,2026-07-05,Brazil,Norway,penalty_awarded,Brazil,Norway,"R16, 10'-12': penalty to Brazil (Ajer foul on Cunha) with 'VAR Decision: Penalty Brazil' logged; Bruno Guimaraes's kick saved by Nyland (ESPN feed).",https://site.api.espn.com/apis/site/v2/sports/soccer/fifa.world/summary?event=760504
2026,2026-07-06,Mexico,England,penalty_awarded,Mexico,England,"R16, 66'-68': VAR review awarded Mexico a penalty for Kane's foul on Gutierrez; Jimenez converted (ESPN feed; ESPN VAR review column).",https://www.espn.com/soccer/story/_/id/49283462/world-cup-2026-var-review-quansahs-red-kanes-penalty-did-ref-get-right
2026,2026-06-18,Canada,Qatar,penalty_rescinded,Qatar,Canada,33': on-field penalty to Canada changed to a free kick after VAR review (offence outside the area); Qatar's El Amin was sent off on the same review (see red_card_issued row) (ESPN feed: 'VAR Decision: No Penalty Canada'; ESPN VAR review column).,https://www.espn.co.uk/football/story/_/id/49027532/world-cup-2026-var-review-red-card-penalty-handball-goal-line-technology
2026,2026-06-11,Mexico,South Africa,red_card_issued,Mexico,South Africa,82'-84': Zwane (South Africa) card upgraded to red for violent conduct (hand caught Alvarado's face) after VAR review; ESPN's reviewer called it harsh (ESPN feed; ESPN VAR review column).,https://www.espn.co.uk/football/story/_/id/49027532/world-cup-2026-var-review-red-card-penalty-handball-goal-line-technology
2026,2026-06-18,Canada,Qatar,red_card_issued,Canada,Qatar,33': El Amin (Qatar) sent off (DOGSO) on the same VAR review that changed Canada's penalty to a free kick (ESPN feed; ESPN VAR review column).,https://www.espn.co.uk/football/story/_/id/49027532/world-cup-2026-var-review-red-card-penalty-handball-goal-line-technology
2026,2026-06-18,Canada,Qatar,red_card_issued,Canada,Qatar,51'-53': Madibo (Qatar) card upgraded to red on VAR review (ESPN feed: 'VAR Decision: Card upgraded Assim Madibo'; ESPN VAR review column: sent off on review).,https://www.espn.co.uk/football/story/_/id/49027532/world-cup-2026-var-review-red-card-penalty-handball-goal-line-technology
2026,2026-06-20,Turkey,Paraguay,red_card_issued,Turkey,Paraguay,45+2'-45+3': Almiron (Paraguay) sent off after a quick VAR review for covering his mouth while speaking confrontationally to an opponent (new IFAB rule); ESPN feed logged 'VAR Decision: No card change' before the red was shown (ESPN VAR review column).,https://www.espn.co.uk/football/story/_/id/49027532/world-cup-2026-var-review-red-card-penalty-handball-goal-line-technology
2026,2026-06-26,Senegal,Iraq,red_card_issued,Senegal,Iraq,12'-13': Sulaka (Iraq) card upgraded to red after VAR review (ESPN feed).,https://site.api.espn.com/apis/site/v2/sports/soccer/fifa.world/summary?event=760474
2026,2026-07-01,Mexico,Ecuador,red_card_issued,Mexico,Ecuador,"R32, 90+5': Hincapie (Ecuador) card upgraded to red after VAR review (ESPN feed).",https://site.api.espn.com/apis/site/v2/sports/soccer/fifa.world/summary?event=760491
2026,2026-07-02,United States,Bosnia and Herzegovina,red_card_issued,Bosnia and Herzegovina,United States,"R32, 63'-64': Balogun (USA) card upgraded to red for serious foul play after on-field review (ESPN feed; ESPN VAR review column). FIFA later upheld the suspension appeal drama covered separately in media.",https://www.espn.co.uk/football/story/_/id/49027532/world-cup-2026-var-review-red-card-penalty-handball-goal-line-technology
2026,2026-07-06,Mexico,England,red_card_issued,Mexico,England,"R16, 53'-54': Quansah (England) card upgraded to red for serious foul play after on-field review (ESPN feed; ESPN VAR review column).",https://www.espn.com/soccer/story/_/id/49283462/world-cup-2026-var-review-quansahs-red-kanes-penalty-did-ref-get-right
2026,2026-07-12,Argentina,Switzerland,red_card_issued,Argentina,Switzerland,"QF, 70'-72': after VAR review, Paredes's (Argentina) yellow for a challenge on Embolo was rescinded and Embolo (Switzerland) was booked for simulation instead - his second yellow, so he was sent off. Second use of the new 'mistaken identity' protocol at this World Cup (ESPN VAR review column; Wikipedia).",https://www.espn.co.uk/football/story/_/id/49027532/world-cup-2026-var-review-red-card-penalty-handball-goal-line-technology
2026,2026-06-13,United States,Paraguay,other,United States,Paraguay,"52': mistaken-identity card change after VAR review: Ream's (USA) yellow rescinded and given to Almiron (Paraguay), who was deemed to have dived (ESPN feed: 'VAR Decision: Card Changed'; ESPN VAR review column).",https://www.espn.co.uk/football/story/_/id/49027532/world-cup-2026-var-review-red-card-penalty-handball-goal-line-technology
2026,2026-06-17,England,Croatia,other,England,Croatia,"9'-15': Kane's on-field penalty (checked and cleared by VAR) was saved by Livakovic, but VAR ordered a retake for encroachment by Livakovic and Gvardiol; Kane converted the retake. Feed logged two 'VAR Decision: Other Decision Cancelled' entries at 11' and 15' (ESPN VAR review column).",https://www.espn.co.uk/football/story/_/id/49027532/world-cup-2026-var-review-red-card-penalty-handball-goal-line-technology
2026,2026-06-16,France,Senegal,other,Senegal,France,60'-62': VAR recommended an on-field review for a possible France penalty (Mane's lunge on Mbappe); referee Faghani stuck with no penalty. ESPN's reviewer strongly disagreed with the on-field call standing (ESPN feed: 'VAR Decision: No Penalty France'; ESPN VAR review column).,https://www.espn.co.uk/football/story/_/id/49027532/world-cup-2026-var-review-red-card-penalty-handball-goal-line-technology
2026,2026-06-25,Ecuador,Germany,other,Ecuador,Germany,47': 'VAR Decision: No Penalty Germany' logged - review concluded no penalty for Germany (ESPN feed; no further detail in feed).,https://site.api.espn.com/apis/site/v2/sports/soccer/fifa.world/summary?event=760468
2026,2026-06-27,New Zealand,Belgium,other,New Zealand,Belgium,21': 'VAR Decision: No Penalty Belgium' logged - review concluded no penalty for Belgium (ESPN feed; no further detail in feed).,https://site.api.espn.com/apis/site/v2/sports/soccer/fifa.world/summary?event=760477
2026,2026-07-11,Norway,England,other,Norway,England,"QF, 101' (extra time): 'VAR Decision: No Penalty England' logged - review concluded no penalty for England (ESPN feed).",https://site.api.espn.com/apis/site/v2/sports/soccer/fifa.world/summary?event=760512
2026,2026-06-13,Brazil,Morocco,other,,,82': ESPN commentary logs 'VAR Decision: Other Decision Cancelled'; the nature of the cancelled decision is not specified in the feed. Included for completeness; treat with caution.,https://site.api.espn.com/apis/site/v2/sports/soccer/fifa.world/summary?event=760419
2026,2026-06-14,Australia,Turkey,other,,,44': ESPN commentary logs 'VAR Decision: Other Decision Cancelled'; the nature of the cancelled decision is not specified in the feed. Included for completeness; treat with caution.,https://site.api.espn.com/apis/site/v2/sports/soccer/fifa.world/summary?event=760421
2026,2026-06-15,Spain,Cape Verde,other,,,4': ESPN commentary logs 'VAR Decision: Other Decision Cancelled'; the nature of the cancelled decision is not specified in the feed. Included for completeness; treat with caution.,https://site.api.espn.com/apis/site/v2/sports/soccer/fifa.world/summary?event=760428
2026,2026-06-15,Spain,Cape Verde,other,,,81': ESPN commentary logs 'VAR Decision: Other Decision Cancelled'; the nature of the cancelled decision is not specified in the feed. Included for completeness; treat with caution.,https://site.api.espn.com/apis/site/v2/sports/soccer/fifa.world/summary?event=760428
2026,2026-06-15,Belgium,Egypt,other,,,12': ESPN commentary logs 'VAR Decision: Other Decision Cancelled'; the nature of the cancelled decision is not specified in the feed. Included for completeness; treat with caution.,https://site.api.espn.com/apis/site/v2/sports/soccer/fifa.world/summary?event=760426
2026,2026-06-18,Switzerland,Bosnia and Herzegovina,other,,,56': ESPN commentary logs 'VAR Decision: Other Decision Cancelled'; the nature of the cancelled decision is not specified in the feed. Included for completeness; treat with caution.,https://site.api.espn.com/apis/site/v2/sports/soccer/fifa.world/summary?event=760439
2026,2026-06-19,United States,Australia,other,,,59': ESPN commentary logs 'VAR Decision: Other Decision Cancelled'; the nature of the cancelled decision is not specified in the feed. Included for completeness; treat with caution.,https://site.api.espn.com/apis/site/v2/sports/soccer/fifa.world/summary?event=760442
2026,2026-06-21,Ecuador,Curaçao,other,,,55': ESPN commentary logs 'VAR Decision: Other Decision Cancelled'; the nature of the cancelled decision is not specified in the feed. Included for completeness; treat with caution.,https://site.api.espn.com/apis/site/v2/sports/soccer/fifa.world/summary?event=760446
2026,2026-06-21,Ecuador,Curaçao,other,,,81': ESPN commentary logs 'VAR Decision: Other Decision Cancelled'; the nature of the cancelled decision is not specified in the feed. Included for completeness; treat with caution.,https://site.api.espn.com/apis/site/v2/sports/soccer/fifa.world/summary?event=760446
2026,2026-06-21,Uruguay,Cape Verde,other,,,90'+3': ESPN commentary logs 'VAR Decision: Other Decision Cancelled'; the nature of the cancelled decision is not specified in the feed. Included for completeness; treat with caution.,https://site.api.espn.com/apis/site/v2/sports/soccer/fifa.world/summary?event=760450
2026,2026-06-22,New Zealand,Egypt,other,,,21': ESPN commentary logs 'VAR Decision: Other Decision Cancelled'; the nature of the cancelled decision is not specified in the feed. Included for completeness; treat with caution.,https://site.api.espn.com/apis/site/v2/sports/soccer/fifa.world/summary?event=760452
2026,2026-06-22,France,Iraq,other,,,28': ESPN commentary logs 'VAR Decision: Other Decision Cancelled'; the nature of the cancelled decision is not specified in the feed. Included for completeness; treat with caution.,https://site.api.espn.com/apis/site/v2/sports/soccer/fifa.world/summary?event=760457
2026,2026-06-24,Colombia,DR Congo,other,,,45'+5': ESPN commentary logs 'VAR Decision: Other Decision Cancelled'; the nature of the cancelled decision is not specified in the feed. Included for completeness; treat with caution.,https://site.api.espn.com/apis/site/v2/sports/soccer/fifa.world/summary?event=760459
2026,2026-06-24,Bosnia and Herzegovina,Qatar,other,,,28': ESPN commentary logs 'VAR Decision: Other Decision Cancelled'; the nature of the cancelled decision is not specified in the feed. Included for completeness; treat with caution.,https://site.api.espn.com/apis/site/v2/sports/soccer/fifa.world/summary?event=760462
2026,2026-06-24,Morocco,Haiti,other,,,57': ESPN commentary logs 'VAR Decision: Other Decision Cancelled'; the nature of the cancelled decision is not specified in the feed. Included for completeness; treat with caution.,https://site.api.espn.com/apis/site/v2/sports/soccer/fifa.world/summary?event=760464
2026,2026-06-26,Senegal,Iraq,other,,,87': ESPN commentary logs 'VAR Decision: Other Decision Cancelled'; the nature of the cancelled decision is not specified in the feed. Included for completeness; treat with caution.,https://site.api.espn.com/apis/site/v2/sports/soccer/fifa.world/summary?event=760474
2026,2026-06-27,Cape Verde,Saudi Arabia,other,,,39': ESPN commentary logs 'VAR Decision: Other Decision Cancelled'; the nature of the cancelled decision is not specified in the feed. Included for completeness; treat with caution.,https://site.api.espn.com/apis/site/v2/sports/soccer/fifa.world/summary?event=760478
2026,2026-06-27,Cape Verde,Saudi Arabia,other,,,88': ESPN commentary logs 'VAR Decision: Other Decision Cancelled'; the nature of the cancelled decision is not specified in the feed. Included for completeness; treat with caution.,https://site.api.espn.com/apis/site/v2/sports/soccer/fifa.world/summary?event=760478
2026,2026-06-27,Colombia,Portugal,other,,,31': ESPN commentary logs 'VAR Decision: Other Decision Cancelled'; the nature of the cancelled decision is not specified in the feed. Included for completeness; treat with caution.,https://site.api.espn.com/apis/site/v2/sports/soccer/fifa.world/summary?event=760481
2026,2026-06-28,South Africa,Canada,other,,,15': ESPN commentary logs 'VAR Decision: Other Decision Cancelled'; the nature of the cancelled decision is not specified in the feed. Included for completeness; treat with caution.,https://site.api.espn.com/apis/site/v2/sports/soccer/fifa.world/summary?event=760486
2026,2026-06-28,South Africa,Canada,other,,,37': ESPN commentary logs 'VAR Decision: Other Decision Cancelled'; the nature of the cancelled decision is not specified in the feed. Included for completeness; treat with caution.,https://site.api.espn.com/apis/site/v2/sports/soccer/fifa.world/summary?event=760486
2026,2026-07-02,Spain,Austria,other,,,9': ESPN commentary logs 'VAR Decision: Other Decision Cancelled'; the nature of the cancelled decision is not specified in the feed. Included for completeness; treat with caution.,https://site.api.espn.com/apis/site/v2/sports/soccer/fifa.world/summary?event=760497
2026,2026-07-07,United States,Belgium,other,,,45'+1': ESPN commentary logs 'VAR Decision: Other Decision Cancelled'; the nature of the cancelled decision is not specified in the feed. Included for completeness; treat with caution.,https://site.api.espn.com/apis/site/v2/sports/soccer/fifa.world/summary?event=760507
2026,2026-07-07,Argentina,Egypt,other,,,32': ESPN commentary logs 'VAR Decision: Other Decision Cancelled'; the nature of the cancelled decision is not specified in the feed. Included for completeness; treat with caution.,https://site.api.espn.com/apis/site/v2/sports/soccer/fifa.world/summary?event=760509
2026,2026-07-07,Switzerland,Colombia,other,,,40': ESPN commentary logs 'VAR Decision: Other Decision Cancelled'; the nature of the cancelled decision is not specified in the feed. Included for completeness; treat with caution.,https://site.api.espn.com/apis/site/v2/sports/soccer/fifa.world/summary?event=760508
2026,2026-07-14,France,Spain,other,,,83': ESPN commentary logs 'VAR Decision: Other Decision Cancelled'; the nature of the cancelled decision is not specified in the feed. Included for completeness; treat with caution.,https://site.api.espn.com/apis/site/v2/sports/soccer/fifa.world/summary?event=760514
