stage,group_name,match_date,home_team,away_team,home_score,away_score,extra_time,penalty_shootout,score_penalties,referee_name,referee_country,source_url
Group stage,A,2026-06-11,Mexico,South Africa,2,0,no,no,,Wilton Sampaio,Brazil,https://en.wikipedia.org/wiki/2026_FIFA_World_Cup_Group_A
Group stage,A,2026-06-11,South Korea,Czech Republic,2,1,no,no,,Amin Omar,Egypt,https://en.wikipedia.org/wiki/2026_FIFA_World_Cup_Group_A
Group stage,B,2026-06-12,Canada,Bosnia and Herzegovina,1,1,no,no,,Facundo Tello,Argentina,https://en.wikipedia.org/wiki/2026_FIFA_World_Cup_Group_B
Group stage,D,2026-06-12,United States,Paraguay,4,1,no,no,,Danny Makkelie,Netherlands,https://en.wikipedia.org/wiki/2026_FIFA_World_Cup_Group_D
Group stage,B,2026-06-13,Qatar,Switzerland,1,1,no,no,,Saíd Martínez,Honduras,https://en.wikipedia.org/wiki/2026_FIFA_World_Cup_Group_B
Group stage,C,2026-06-13,Brazil,Morocco,1,1,no,no,,Slavko Vinčić,Slovenia,https://en.wikipedia.org/wiki/2026_FIFA_World_Cup_Group_C
Group stage,C,2026-06-13,Haiti,Scotland,0,1,no,no,,Mustapha Ghorbal,Algeria,https://en.wikipedia.org/wiki/2026_FIFA_World_Cup_Group_C
Group stage,D,2026-06-13,Australia,Turkey,2,0,no,no,,Jesús Valenzuela,Venezuela,https://en.wikipedia.org/wiki/2026_FIFA_World_Cup_Group_D
Group stage,E,2026-06-14,Germany,Curaçao,7,1,no,no,,Jalal Jayed,Morocco,https://en.wikipedia.org/wiki/2026_FIFA_World_Cup_Group_E
Group stage,E,2026-06-14,Ivory Coast,Ecuador,1,0,no,no,,François Letexier,France,https://en.wikipedia.org/wiki/2026_FIFA_World_Cup_Group_E
Group stage,F,2026-06-14,Netherlands,Japan,2,2,no,no,,Ismail Elfath,United States,https://en.wikipedia.org/wiki/2026_FIFA_World_Cup_Group_F
Group stage,F,2026-06-14,Sweden,Tunisia,5,1,no,no,,Yael Falcón,Argentina,https://en.wikipedia.org/wiki/2026_FIFA_World_Cup_Group_F
Group stage,G,2026-06-15,Belgium,Egypt,1,1,no,no,,Ramon Abatti,Brazil,https://en.wikipedia.org/wiki/2026_FIFA_World_Cup_Group_G
Group stage,G,2026-06-15,Iran,New Zealand,2,2,no,no,,César Arturo Ramos,Mexico,https://en.wikipedia.org/wiki/2026_FIFA_World_Cup_Group_G
Group stage,H,2026-06-15,Spain,Cape Verde,0,0,no,no,,Adham Makhadmeh,Jordan,https://en.wikipedia.org/wiki/2026_FIFA_World_Cup_Group_H
Group stage,H,2026-06-15,Saudi Arabia,Uruguay,1,1,no,no,,Maurizio Mariani,Italy,https://en.wikipedia.org/wiki/2026_FIFA_World_Cup_Group_H
Group stage,I,2026-06-16,France,Senegal,3,1,no,no,,Alireza Faghani,Australia,https://en.wikipedia.org/wiki/2026_FIFA_World_Cup_Group_I
Group stage,I,2026-06-16,Iraq,Norway,1,4,no,no,,Pierre Atcho,Gabon,https://en.wikipedia.org/wiki/2026_FIFA_World_Cup_Group_I
Group stage,J,2026-06-16,Argentina,Algeria,3,0,no,no,,Szymon Marciniak,Poland,https://en.wikipedia.org/wiki/2026_FIFA_World_Cup_Group_J
Group stage,J,2026-06-16,Austria,Jordan,3,1,no,no,,Dahane Beida,Mauritania,https://en.wikipedia.org/wiki/2026_FIFA_World_Cup_Group_J
Group stage,K,2026-06-17,Portugal,DR Congo,1,1,no,no,,Abdulrahman Al-Jassim,Qatar,https://en.wikipedia.org/wiki/2026_FIFA_World_Cup_Group_K
Group stage,K,2026-06-17,Uzbekistan,Colombia,1,3,no,no,,Anthony Taylor,England,https://en.wikipedia.org/wiki/2026_FIFA_World_Cup_Group_K
Group stage,L,2026-06-17,England,Croatia,4,2,no,no,,Clément Turpin,France,https://en.wikipedia.org/wiki/2026_FIFA_World_Cup_Group_L
Group stage,L,2026-06-17,Ghana,Panama,1,0,no,no,,Glenn Nyberg,Sweden,https://en.wikipedia.org/wiki/2026_FIFA_World_Cup_Group_L
Group stage,A,2026-06-18,Czech Republic,South Africa,1,1,no,no,,Tori Penso,United States,https://en.wikipedia.org/wiki/2026_FIFA_World_Cup_Group_A
Group stage,A,2026-06-18,Mexico,South Korea,1,0,no,no,,Gustavo Tejera,Uruguay,https://en.wikipedia.org/wiki/2026_FIFA_World_Cup_Group_A
Group stage,B,2026-06-18,Switzerland,Bosnia and Herzegovina,4,1,no,no,,João Pinheiro,Portugal,https://en.wikipedia.org/wiki/2026_FIFA_World_Cup_Group_B
Group stage,B,2026-06-18,Canada,Qatar,6,0,no,no,,Cristián Garay,Chile,https://en.wikipedia.org/wiki/2026_FIFA_World_Cup_Group_B
Group stage,C,2026-06-19,Scotland,Morocco,0,1,no,no,,Ilgiz Tantashev,Uzbekistan,https://en.wikipedia.org/wiki/2026_FIFA_World_Cup_Group_C
Group stage,C,2026-06-19,Brazil,Haiti,3,0,no,no,,Alejandro Hernández Hernández,Spain,https://en.wikipedia.org/wiki/2026_FIFA_World_Cup_Group_C
Group stage,D,2026-06-19,United States,Australia,2,0,no,no,,Felix Zwayer,Germany,https://en.wikipedia.org/wiki/2026_FIFA_World_Cup_Group_D
Group stage,D,2026-06-19,Turkey,Paraguay,0,1,no,no,,Iván Barton,El Salvador,https://en.wikipedia.org/wiki/2026_FIFA_World_Cup_Group_D
Group stage,E,2026-06-20,Germany,Ivory Coast,2,1,no,no,,Juan Gabriel Benítez,Paraguay,https://en.wikipedia.org/wiki/2026_FIFA_World_Cup_Group_E
Group stage,E,2026-06-20,Ecuador,Curaçao,0,0,no,no,,Ma Ning,China,https://en.wikipedia.org/wiki/2026_FIFA_World_Cup_Group_E
Group stage,F,2026-06-20,Netherlands,Sweden,5,1,no,no,,Michael Oliver,England,https://en.wikipedia.org/wiki/2026_FIFA_World_Cup_Group_F
Group stage,F,2026-06-20,Tunisia,Japan,0,4,no,no,,István Kovács,Romania,https://en.wikipedia.org/wiki/2026_FIFA_World_Cup_Group_F
Group stage,G,2026-06-21,Belgium,Iran,0,0,no,no,,Darío Herrera,Argentina,https://en.wikipedia.org/wiki/2026_FIFA_World_Cup_Group_G
Group stage,G,2026-06-21,New Zealand,Egypt,1,3,no,no,,Omar Al Ali,United Arab Emirates,https://en.wikipedia.org/wiki/2026_FIFA_World_Cup_Group_G
Group stage,H,2026-06-21,Spain,Saudi Arabia,4,0,no,no,,Raphael Claus,Brazil,https://en.wikipedia.org/wiki/2026_FIFA_World_Cup_Group_H
Group stage,H,2026-06-21,Uruguay,Cape Verde,2,2,no,no,,Espen Eskås,Norway,https://en.wikipedia.org/wiki/2026_FIFA_World_Cup_Group_H
Group stage,I,2026-06-22,France,Iraq,3,0,no,no,,Drew Fischer,Canada,https://en.wikipedia.org/wiki/2026_FIFA_World_Cup_Group_I
Group stage,I,2026-06-22,Norway,Senegal,3,2,no,no,,Wilton Sampaio,Brazil,https://en.wikipedia.org/wiki/2026_FIFA_World_Cup_Group_I
Group stage,J,2026-06-22,Argentina,Austria,2,0,no,no,,Amin Omar,Egypt,https://en.wikipedia.org/wiki/2026_FIFA_World_Cup_Group_J
Group stage,J,2026-06-22,Jordan,Algeria,1,2,no,no,,Slavko Vinčić,Slovenia,https://en.wikipedia.org/wiki/2026_FIFA_World_Cup_Group_J
Group stage,K,2026-06-23,Portugal,Uzbekistan,5,0,no,no,,Jalal Jayed,Morocco,https://en.wikipedia.org/wiki/2026_FIFA_World_Cup_Group_K
Group stage,K,2026-06-23,Colombia,DR Congo,1,0,no,no,,Maurizio Mariani,Italy,https://en.wikipedia.org/wiki/2026_FIFA_World_Cup_Group_K
Group stage,L,2026-06-23,England,Ghana,0,0,no,no,,Saíd Martínez,Honduras,https://en.wikipedia.org/wiki/2026_FIFA_World_Cup_Group_L
Group stage,L,2026-06-23,Panama,Croatia,0,1,no,no,,Pierre Atcho,Gabon,https://en.wikipedia.org/wiki/2026_FIFA_World_Cup_Group_L
Group stage,A,2026-06-24,Czech Republic,Mexico,0,3,no,no,,Yael Falcón,Argentina,https://en.wikipedia.org/wiki/2026_FIFA_World_Cup_Group_A
Group stage,A,2026-06-24,South Africa,South Korea,1,0,no,no,,Facundo Tello,Argentina,https://en.wikipedia.org/wiki/2026_FIFA_World_Cup_Group_A
Group stage,B,2026-06-24,Switzerland,Canada,2,1,no,no,,Ramon Abatti,Brazil,https://en.wikipedia.org/wiki/2026_FIFA_World_Cup_Group_B
Group stage,B,2026-06-24,Bosnia and Herzegovina,Qatar,3,1,no,no,,Jesús Valenzuela,Venezuela,https://en.wikipedia.org/wiki/2026_FIFA_World_Cup_Group_B
Group stage,C,2026-06-24,Scotland,Brazil,0,3,no,no,,César Arturo Ramos,Mexico,https://en.wikipedia.org/wiki/2026_FIFA_World_Cup_Group_C
Group stage,C,2026-06-24,Morocco,Haiti,4,2,no,no,,Danny Makkelie,Netherlands,https://en.wikipedia.org/wiki/2026_FIFA_World_Cup_Group_C
Group stage,D,2026-06-25,Turkey,United States,3,2,no,no,,Mustapha Ghorbal,Algeria,https://en.wikipedia.org/wiki/2026_FIFA_World_Cup_Group_D
Group stage,D,2026-06-25,Paraguay,Australia,0,0,no,no,,Clément Turpin,France,https://en.wikipedia.org/wiki/2026_FIFA_World_Cup_Group_D
Group stage,E,2026-06-25,Curaçao,Ivory Coast,0,2,no,no,,Glenn Nyberg,Sweden,https://en.wikipedia.org/wiki/2026_FIFA_World_Cup_Group_E
Group stage,E,2026-06-25,Ecuador,Germany,2,1,no,no,,Tori Penso,United States,https://en.wikipedia.org/wiki/2026_FIFA_World_Cup_Group_E
Group stage,F,2026-06-25,Japan,Sweden,1,1,no,no,,Iván Barton,El Salvador,https://en.wikipedia.org/wiki/2026_FIFA_World_Cup_Group_F
Group stage,F,2026-06-25,Tunisia,Netherlands,1,3,no,no,,Katia Itzel García,Mexico,https://en.wikipedia.org/wiki/2026_FIFA_World_Cup_Group_F
Group stage,G,2026-06-26,Egypt,Iran,1,1,no,no,,Szymon Marciniak,Poland,https://en.wikipedia.org/wiki/2026_FIFA_World_Cup_Group_G
Group stage,G,2026-06-26,New Zealand,Belgium,1,5,no,no,,Adham Makhadmeh,Jordan,https://en.wikipedia.org/wiki/2026_FIFA_World_Cup_Group_G
Group stage,H,2026-06-26,Cape Verde,Saudi Arabia,0,0,no,no,,François Letexier,France,https://en.wikipedia.org/wiki/2026_FIFA_World_Cup_Group_H
Group stage,H,2026-06-26,Uruguay,Spain,0,1,no,no,,Ismail Elfath,United States,https://en.wikipedia.org/wiki/2026_FIFA_World_Cup_Group_H
Group stage,I,2026-06-26,Norway,France,1,4,no,no,,Michael Oliver,England,https://en.wikipedia.org/wiki/2026_FIFA_World_Cup_Group_I
Group stage,I,2026-06-26,Senegal,Iraq,5,0,no,no,,Anthony Taylor,England,https://en.wikipedia.org/wiki/2026_FIFA_World_Cup_Group_I
Group stage,J,2026-06-27,Algeria,Austria,3,3,no,no,,Ilgiz Tantashev,Uzbekistan,https://en.wikipedia.org/wiki/2026_FIFA_World_Cup_Group_J
Group stage,J,2026-06-27,Jordan,Argentina,1,3,no,no,,István Kovács,Romania,https://en.wikipedia.org/wiki/2026_FIFA_World_Cup_Group_J
Group stage,K,2026-06-27,Colombia,Portugal,0,0,no,no,,Alireza Faghani,Australia,https://en.wikipedia.org/wiki/2026_FIFA_World_Cup_Group_K
Group stage,K,2026-06-27,DR Congo,Uzbekistan,3,1,no,no,,Felix Zwayer,Germany,https://en.wikipedia.org/wiki/2026_FIFA_World_Cup_Group_K
Group stage,L,2026-06-27,Panama,England,0,2,no,no,,Abdulrahman Al-Jassim,Qatar,https://en.wikipedia.org/wiki/2026_FIFA_World_Cup_Group_L
Group stage,L,2026-06-27,Croatia,Ghana,2,1,no,no,,Drew Fischer,Canada,https://en.wikipedia.org/wiki/2026_FIFA_World_Cup_Group_L
Round of 32,,2026-06-28,South Africa,Canada,0,1,no,no,,João Pinheiro,Portugal,https://en.wikipedia.org/wiki/2026_FIFA_World_Cup_round_of_32
Round of 32,,2026-06-29,Brazil,Japan,2,1,no,no,,Maurizio Mariani,Italy,https://en.wikipedia.org/wiki/2026_FIFA_World_Cup_round_of_32
Round of 32,,2026-06-29,Germany,Paraguay,1,1,yes,yes,3-4,Jalal Jayed,Morocco,https://en.wikipedia.org/wiki/2026_FIFA_World_Cup_round_of_32
Round of 32,,2026-06-29,Netherlands,Morocco,1,1,yes,yes,2-3,Wilton Sampaio,Brazil,https://en.wikipedia.org/wiki/2026_FIFA_World_Cup_round_of_32
Round of 32,,2026-06-30,Ivory Coast,Norway,1,2,no,no,,Jesús Valenzuela,Venezuela,https://en.wikipedia.org/wiki/2026_FIFA_World_Cup_round_of_32
Round of 32,,2026-06-30,France,Sweden,3,0,no,no,,Danny Makkelie,Netherlands,https://en.wikipedia.org/wiki/2026_FIFA_World_Cup_round_of_32
Round of 32,,2026-06-30,Mexico,Ecuador,2,0,no,no,,Slavko Vinčić,Slovenia,https://en.wikipedia.org/wiki/2026_FIFA_World_Cup_round_of_32
Round of 32,,2026-07-01,England,DR Congo,2,1,no,no,,Adham Makhadmeh,Jordan,https://en.wikipedia.org/wiki/2026_FIFA_World_Cup_round_of_32
Round of 32,,2026-07-01,Belgium,Senegal,3,2,yes,no,,Saíd Martínez,Honduras,https://en.wikipedia.org/wiki/2026_FIFA_World_Cup_round_of_32
Round of 32,,2026-07-01,United States,Bosnia and Herzegovina,2,0,no,no,,Raphael Claus,Brazil,https://en.wikipedia.org/wiki/2026_FIFA_World_Cup_round_of_32
Round of 32,,2026-07-02,Spain,Austria,3,0,no,no,,Glenn Nyberg,Sweden,https://en.wikipedia.org/wiki/2026_FIFA_World_Cup_round_of_32
Round of 32,,2026-07-02,Portugal,Croatia,2,1,no,no,,Espen Eskås,Norway,https://en.wikipedia.org/wiki/2026_FIFA_World_Cup_round_of_32
Round of 32,,2026-07-02,Switzerland,Algeria,2,0,no,no,,Yael Falcón,Argentina,https://en.wikipedia.org/wiki/2026_FIFA_World_Cup_round_of_32
Round of 32,,2026-07-03,Australia,Egypt,1,1,yes,yes,2-4,Gustavo Tejera,Uruguay,https://en.wikipedia.org/wiki/2026_FIFA_World_Cup_round_of_32
Round of 32,,2026-07-03,Argentina,Cape Verde,3,2,yes,no,,Drew Fischer,Canada,https://en.wikipedia.org/wiki/2026_FIFA_World_Cup_round_of_32
Round of 32,,2026-07-03,Colombia,Ghana,1,0,no,no,,Clément Turpin,France,https://en.wikipedia.org/wiki/2026_FIFA_World_Cup_round_of_32
Round of 16,,2026-07-04,Canada,Morocco,0,3,no,no,,Michael Oliver,England,https://en.wikipedia.org/wiki/2026_FIFA_World_Cup_knockout_stage
Round of 16,,2026-07-04,Paraguay,France,0,1,no,no,,Ilgiz Tantashev,Uzbekistan,https://en.wikipedia.org/wiki/2026_FIFA_World_Cup_knockout_stage
Round of 16,,2026-07-05,Brazil,Norway,1,2,no,no,,Ismail Elfath,United States,https://en.wikipedia.org/wiki/2026_FIFA_World_Cup_knockout_stage
Round of 16,,2026-07-05,Mexico,England,2,3,no,no,,Alireza Faghani,Australia,https://en.wikipedia.org/wiki/2026_FIFA_World_Cup_knockout_stage
Round of 16,,2026-07-06,Portugal,Spain,0,1,no,no,,Anthony Taylor,England,https://en.wikipedia.org/wiki/2026_FIFA_World_Cup_knockout_stage
Round of 16,,2026-07-06,United States,Belgium,1,4,no,no,,Adham Makhadmeh,Jordan,https://en.wikipedia.org/wiki/2026_FIFA_World_Cup_knockout_stage
Round of 16,,2026-07-07,Argentina,Egypt,3,2,no,no,,François Letexier,France,https://en.wikipedia.org/wiki/2026_FIFA_World_Cup_knockout_stage
Round of 16,,2026-07-07,Switzerland,Colombia,0,0,yes,yes,4-3,Iván Barton,El Salvador,https://en.wikipedia.org/wiki/2026_FIFA_World_Cup_knockout_stage
Quarterfinals,,2026-07-09,France,Morocco,2,0,no,no,,Facundo Tello,Argentina,https://en.wikipedia.org/wiki/2026_FIFA_World_Cup_knockout_stage
Quarterfinals,,2026-07-10,Spain,Belgium,2,1,no,no,,Michael Oliver,England,https://en.wikipedia.org/wiki/2026_FIFA_World_Cup_knockout_stage
Quarterfinals,,2026-07-11,Norway,England,1,2,yes,no,,Clément Turpin,France,https://en.wikipedia.org/wiki/2026_FIFA_World_Cup_knockout_stage
Quarterfinals,,2026-07-11,Argentina,Switzerland,3,1,yes,no,,João Pinheiro,Portugal,https://en.wikipedia.org/wiki/2026_FIFA_World_Cup_knockout_stage
Semifinals,,2026-07-14,France,Spain,0,2,no,no,,Iván Barton,El Salvador,https://en.wikipedia.org/wiki/2026_FIFA_World_Cup_knockout_stage
Semifinals,,2026-07-15,England,Argentina,1,2,no,no,,Ismail Elfath,United States,https://en.wikipedia.org/wiki/2026_FIFA_World_Cup_knockout_stage
