team,matches_played,wins,draws,losses,goals_for,goals_against,yellow_cards,red_cards,fouls_committed,fouls_drawn,penalties_won,penalties_conceded,source_url
Algeria,4,1,1,2,5,9,3,0,29,40,,,https://web.archive.org/web/20260708125036/https://fbref.com/en/comps/1/2026/misc/2026-FIFA-World-Cup-Stats
Argentina,7,7,0,0,19,7,3,0,59,54,,,https://web.archive.org/web/20260708125036/https://fbref.com/en/comps/1/2026/misc/2026-FIFA-World-Cup-Stats
Australia,4,1,2,1,3,3,5,0,46,38,,,https://web.archive.org/web/20260708125036/https://fbref.com/en/comps/1/2026/misc/2026-FIFA-World-Cup-Stats
Austria,4,1,1,2,6,9,5,0,47,28,,,https://web.archive.org/web/20260708125036/https://fbref.com/en/comps/1/2026/misc/2026-FIFA-World-Cup-Stats
Belgium,6,3,2,1,14,7,4,1,60,56,,,https://web.archive.org/web/20260708125036/https://fbref.com/en/comps/1/2026/misc/2026-FIFA-World-Cup-Stats
Bosnia and Herzegovina,4,1,1,2,5,8,7,1,60,38,,,https://web.archive.org/web/20260708125036/https://fbref.com/en/comps/1/2026/misc/2026-FIFA-World-Cup-Stats
Brazil,5,3,1,1,10,4,8,0,51,53,,,https://web.archive.org/web/20260708125036/https://fbref.com/en/comps/1/2026/misc/2026-FIFA-World-Cup-Stats
Canada,5,2,1,2,9,6,11,0,72,73,,,https://web.archive.org/web/20260708125036/https://fbref.com/en/comps/1/2026/misc/2026-FIFA-World-Cup-Stats
Cape Verde,4,0,3,1,4,5,5,0,27,47,,,https://web.archive.org/web/20260708125036/https://fbref.com/en/comps/1/2026/misc/2026-FIFA-World-Cup-Stats
Colombia,5,3,2,0,5,1,8,0,70,64,,,https://web.archive.org/web/20260708125036/https://fbref.com/en/comps/1/2026/misc/2026-FIFA-World-Cup-Stats
Croatia,4,2,0,2,6,7,4,0,45,47,,,https://web.archive.org/web/20260708125036/https://fbref.com/en/comps/1/2026/misc/2026-FIFA-World-Cup-Stats
Curaçao,3,0,1,2,1,9,7,0,32,31,,,https://web.archive.org/web/20260708125036/https://fbref.com/en/comps/1/2026/misc/2026-FIFA-World-Cup-Stats
Czech Republic,3,0,1,2,2,6,1,0,37,31,,,https://web.archive.org/web/20260708125036/https://fbref.com/en/comps/1/2026/misc/2026-FIFA-World-Cup-Stats
DR Congo,4,1,1,2,5,5,6,0,44,45,,,https://web.archive.org/web/20260708125036/https://fbref.com/en/comps/1/2026/misc/2026-FIFA-World-Cup-Stats
Ecuador,4,1,1,2,2,4,8,1,49,38,,,https://web.archive.org/web/20260708125036/https://fbref.com/en/comps/1/2026/misc/2026-FIFA-World-Cup-Stats
Egypt,5,1,3,1,8,7,12,0,59,67,,,https://web.archive.org/web/20260708125036/https://fbref.com/en/comps/1/2026/misc/2026-FIFA-World-Cup-Stats
England,7,5,1,1,14,8,7,1,54,77,,,https://web.archive.org/web/20260708125036/https://fbref.com/en/comps/1/2026/misc/2026-FIFA-World-Cup-Stats
France,7,6,0,1,16,4,4,0,49,42,,,https://web.archive.org/web/20260708125036/https://fbref.com/en/comps/1/2026/misc/2026-FIFA-World-Cup-Stats
Germany,4,2,1,1,11,5,3,0,51,42,,,https://web.archive.org/web/20260708125036/https://fbref.com/en/comps/1/2026/misc/2026-FIFA-World-Cup-Stats
Ghana,4,1,1,2,2,3,6,0,56,47,,,https://web.archive.org/web/20260708125036/https://fbref.com/en/comps/1/2026/misc/2026-FIFA-World-Cup-Stats
Haiti,3,0,0,3,2,8,7,0,55,44,,,https://web.archive.org/web/20260708125036/https://fbref.com/en/comps/1/2026/misc/2026-FIFA-World-Cup-Stats
Iran,3,0,3,0,3,3,6,0,35,23,,,https://web.archive.org/web/20260708125036/https://fbref.com/en/comps/1/2026/misc/2026-FIFA-World-Cup-Stats
Iraq,3,0,0,3,1,12,4,1,27,31,,,https://web.archive.org/web/20260708125036/https://fbref.com/en/comps/1/2026/misc/2026-FIFA-World-Cup-Stats
Ivory Coast,4,2,0,2,5,4,4,0,29,36,,,https://web.archive.org/web/20260708125036/https://fbref.com/en/comps/1/2026/misc/2026-FIFA-World-Cup-Stats
Japan,4,1,2,1,8,5,4,0,55,30,,,https://web.archive.org/web/20260708125036/https://fbref.com/en/comps/1/2026/misc/2026-FIFA-World-Cup-Stats
Jordan,3,0,0,3,3,8,4,0,31,21,,,https://web.archive.org/web/20260708125036/https://fbref.com/en/comps/1/2026/misc/2026-FIFA-World-Cup-Stats
Mexico,5,4,0,1,10,3,4,1,58,47,,,https://web.archive.org/web/20260708125036/https://fbref.com/en/comps/1/2026/misc/2026-FIFA-World-Cup-Stats
Morocco,6,3,2,1,10,6,6,0,61,82,,,https://web.archive.org/web/20260708125036/https://fbref.com/en/comps/1/2026/misc/2026-FIFA-World-Cup-Stats
Netherlands,4,2,2,0,11,5,3,0,44,43,,,https://web.archive.org/web/20260708125036/https://fbref.com/en/comps/1/2026/misc/2026-FIFA-World-Cup-Stats
New Zealand,3,0,1,2,4,10,4,0,32,24,,,https://web.archive.org/web/20260708125036/https://fbref.com/en/comps/1/2026/misc/2026-FIFA-World-Cup-Stats
Norway,6,4,0,2,13,11,2,0,48,35,,,https://web.archive.org/web/20260708125036/https://fbref.com/en/comps/1/2026/misc/2026-FIFA-World-Cup-Stats
Panama,3,0,0,3,0,4,5,0,46,33,,,https://web.archive.org/web/20260708125036/https://fbref.com/en/comps/1/2026/misc/2026-FIFA-World-Cup-Stats
Paraguay,5,1,2,2,3,6,9,1,66,60,,,https://web.archive.org/web/20260708125036/https://fbref.com/en/comps/1/2026/misc/2026-FIFA-World-Cup-Stats
Portugal,5,2,2,1,8,3,7,0,44,60,,,https://web.archive.org/web/20260708125036/https://fbref.com/en/comps/1/2026/misc/2026-FIFA-World-Cup-Stats
Qatar,3,0,1,2,2,10,4,2,36,28,,,https://web.archive.org/web/20260708125036/https://fbref.com/en/comps/1/2026/misc/2026-FIFA-World-Cup-Stats
Saudi Arabia,3,0,2,1,1,5,6,0,29,26,,,https://web.archive.org/web/20260708125036/https://fbref.com/en/comps/1/2026/misc/2026-FIFA-World-Cup-Stats
Scotland,3,1,0,2,1,4,5,0,42,39,,,https://web.archive.org/web/20260708125036/https://fbref.com/en/comps/1/2026/misc/2026-FIFA-World-Cup-Stats
Senegal,4,1,0,3,10,9,3,0,36,48,,,https://web.archive.org/web/20260708125036/https://fbref.com/en/comps/1/2026/misc/2026-FIFA-World-Cup-Stats
South Africa,4,1,1,2,2,4,5,2,38,46,,,https://web.archive.org/web/20260708125036/https://fbref.com/en/comps/1/2026/misc/2026-FIFA-World-Cup-Stats
South Korea,3,1,0,2,2,3,4,0,25,31,,,https://web.archive.org/web/20260708125036/https://fbref.com/en/comps/1/2026/misc/2026-FIFA-World-Cup-Stats
Spain,7,6,1,0,13,1,3,0,55,38,,,https://web.archive.org/web/20260708125036/https://fbref.com/en/comps/1/2026/misc/2026-FIFA-World-Cup-Stats
Sweden,4,1,1,2,7,10,5,0,43,49,,,https://web.archive.org/web/20260708125036/https://fbref.com/en/comps/1/2026/misc/2026-FIFA-World-Cup-Stats
Switzerland,6,3,2,1,10,6,6,0,69,75,,,https://web.archive.org/web/20260708125036/https://fbref.com/en/comps/1/2026/misc/2026-FIFA-World-Cup-Stats
Tunisia,3,0,0,3,2,12,1,0,27,32,,,https://web.archive.org/web/20260708125036/https://fbref.com/en/comps/1/2026/misc/2026-FIFA-World-Cup-Stats
Turkey,3,1,0,2,3,5,2,0,31,38,,,https://web.archive.org/web/20260708125036/https://fbref.com/en/comps/1/2026/misc/2026-FIFA-World-Cup-Stats
United States,5,3,0,2,11,8,7,1,56,66,,,https://web.archive.org/web/20260708125036/https://fbref.com/en/comps/1/2026/misc/2026-FIFA-World-Cup-Stats
Uruguay,3,0,2,1,3,4,5,1,31,29,,,https://web.archive.org/web/20260708125036/https://fbref.com/en/comps/1/2026/misc/2026-FIFA-World-Cup-Stats
Uzbekistan,3,0,0,3,2,11,4,0,45,29,,,https://web.archive.org/web/20260708125036/https://fbref.com/en/comps/1/2026/misc/2026-FIFA-World-Cup-Stats
