tournament_year,match_date,stage,team_awarded,opponent,converted,taker,source_url
1930,1930-07-19,Group 1,Chile,France,no,Vidal,https://web.archive.org/web/20120626030433/http://www.linguasport.com/futbol/internacional/mundial/1930_URUGUAY_FS.htm
1930,1930-07-19,Group 1,Argentina,Mexico,no,Paternoster,https://www.rsssf.org/tables/30full.html
1930,1930-07-19,Group 1,Mexico,Argentina,yes,M.Rosas,https://www.rsssf.org/tables/30full.html
1930,1930-07-19,Group 1,Mexico,Argentina,no,M.Rosas,https://www.rsssf.org/tables/30full.html
1930,1930-07-20,Group 2,Bolivia,Brazil,no,Sáinz,https://web.archive.org/web/20120626030433/http://www.linguasport.com/futbol/internacional/mundial/1930_URUGUAY_FS.htm
1934,1934-05-27,Round of 16,France,Austria,yes,Verriest,https://www.rsssf.org/tables/34full.html
1934,1934-05-27,Round of 16,Spain,Brazil,yes,Iraragorri,https://www.rsssf.org/tables/34full.html
1934,1934-05-27,Round of 16,Brazil,Spain,no,Waldemar de Brito,https://www.rsssf.org/tables/34full.html
1934,1934-05-31,Quarter-final,Hungary,Austria,yes,Sárosi,https://www.rsssf.org/tables/34full.html
1938,1938-06-05,Round of 16,Poland,Brazil,yes,Scherfke,https://www.rsssf.org/tables/38full.html
1938,1938-06-12,Quarter-final,Cuba,Sweden,no,Fernández,https://www.rsssf.org/tables/38full.html
1938,1938-06-12,Quarter-final,Czechoslovakia,Brazil,yes,Nejedlý,https://www.rsssf.org/tables/38full.html
1938,1938-06-16,Semi-final,Italy,Brazil,yes,Meazza,https://www.rsssf.org/tables/38full.html
1938,1938-06-19,Third place,Brazil,Sweden,no,Patesko,https://www.rsssf.org/tables/38full.html
1950,1950-06-28,Group 1,Mexico,Yugoslavia,yes,Ortiz,https://web.archive.org/web/20161007184737/http://www.linguasport.com/futbol/internacional/mundial/1950_BRAZIL_FS.htm
1950,1950-07-02,Group 2,United States,Chile,yes,Maca,https://web.archive.org/web/20161007184737/http://www.linguasport.com/futbol/internacional/mundial/1950_BRAZIL_FS.htm
1950,1950-07-09,Final round,Sweden,Brazil,yes,Andersson,https://web.archive.org/web/20161007184737/http://www.linguasport.com/futbol/internacional/mundial/1950_BRAZIL_FS.htm
1954,1954-06-19,Group 1,France,Mexico,yes,Kopa,https://www.rsssf.org/tables/54full.html
1954,1954-06-20,Group 4,Italy,Belgium,yes,Pandolfini,https://www.rsssf.org/tables/54full.html
1954,1954-06-26,Quarter-final,Austria,Switzerland,no,A.Körner,https://www.rsssf.org/tables/54full.html
1954,1954-06-27,Quarter-final,Brazil,Hungary,yes,Djalma Santos,https://www.rsssf.org/tables/54full.html
1954,1954-06-27,Quarter-final,Hungary,Brazil,yes,Lantos,https://www.rsssf.org/tables/54full.html
1954,1954-06-30,Semi-final,West Germany,Austria,yes,F.Walter,https://www.rsssf.org/tables/54full.html
1954,1954-06-30,Semi-final,West Germany,Austria,yes,F.Walter,https://www.rsssf.org/tables/54full.html
1954,1954-07-03,Third place,Austria,Uruguay,yes,Stojaspal,https://www.rsssf.org/tables/54full.html
1958,1958-06-08,Group 2,Paraguay,France,yes,Amarilla,https://www.rsssf.org/tables/58full.html
1958,1958-06-08,Group 3,Sweden,Mexico,yes,Liedholm,https://www.rsssf.org/tables/58full.html
1958,1958-06-08,Group 4,England,Soviet Union,yes,Finney,https://www.rsssf.org/tables/58full.html
1958,1958-06-11,Group 1,Czechoslovakia,West Germany,yes,Dvořák,https://www.rsssf.org/tables/58full.html
1958,1958-06-11,Group 1,Argentina,Northern Ireland,yes,Corbatta,https://www.rsssf.org/tables/58full.html
1958,1958-06-11,Group 4,Austria,Soviet Union,no,Buzek,https://www.rsssf.org/tables/58full.html
1958,1958-06-12,Group 3,Sweden,Hungary,no,Liedholm,https://www.rsssf.org/tables/58full.html
1958,1958-06-15,Group 1,Argentina,Czechoslovakia,yes,Corbatta,https://www.rsssf.org/tables/58full.html
1958,1958-06-15,Group 2,Scotland,France,no,Hewie,https://web.archive.org/web/20170628232729/http://www.linguasport.com/futbol/internacional/mundial/1958_SWEDEN_FS.htm
1958,1958-06-28,Third place,France,West Germany,yes,Kopa,https://web.archive.org/web/20170628232729/http://www.linguasport.com/futbol/internacional/mundial/1958_SWEDEN_FS.htm
1962,1962-05-30,Group 1,Colombia,Uruguay,yes,Zuluaga,https://www.rsssf.org/tables/62full.html
1962,1962-05-31,Group 4,England,Hungary,yes,Flowers,https://web.archive.org/web/20170509015505/http://www.linguasport.com/futbol/internacional/mundial/1962_CHILE_FS.htm
1962,1962-06-02,Group 1,Yugoslavia,Uruguay,yes,Skoblar,https://www.rsssf.org/tables/62full.html
1962,1962-06-02,Group 4,England,Argentina,yes,Flowers,https://www.rsssf.org/tables/62full.html
1962,1962-06-06,Group 2,West Germany,Chile,yes,Szymaniak,https://www.rsssf.org/tables/62full.html
1962,1962-06-07,Group 3,Mexico,Czechoslovakia,yes,H.Hernández,https://www.rsssf.org/tables/62full.html
1962,1962-06-13,Semi-final,Chile,Brazil,yes,L.Sánchez,https://www.rsssf.org/tables/62full.html
1962,1962-06-13,Semi-final,Czechoslovakia,Yugoslavia,yes,Scherer,https://www.rsssf.org/tables/62full.html
1966,1966-07-12,Group 2,West Germany,Switzerland,yes,Haller,https://www.rsssf.org/tables/66full.html
1966,1966-07-15,Group 1,France,Uruguay,yes,De Bourgoing,https://www.rsssf.org/tables/66full.html
1966,1966-07-15,Group 3,Hungary,Brazil,yes,Mészöly,https://www.rsssf.org/tables/66full.html
1966,1966-07-15,Group 4,Chile,North Korea,yes,Marcos,https://www.rsssf.org/tables/66full.html
1966,1966-07-23,Quarter-final,Portugal,North Korea,yes,Eusébio,https://www.rsssf.org/tables/66full.html
1966,1966-07-23,Quarter-final,Portugal,North Korea,yes,Eusébio,https://www.rsssf.org/tables/66full.html
1966,1966-07-26,Semi-final,Portugal,England,yes,Eusébio,https://www.rsssf.org/tables/66full.html
1966,1966-07-28,Third place,Portugal,Soviet Union,yes,Eusébio,https://web.archive.org/web/20170629045304/http://www.linguasport.com/futbol/internacional/mundial/1966_ENGLAND_FS.htm
1970,1970-06-03,Group 1,Belgium,El Salvador,yes,Lambert,https://www.rsssf.org/tables/70full.html
1970,1970-06-06,Group 3,Romania,Czechoslovakia,yes,Dumitrache,https://www.rsssf.org/tables/70full.html
1970,1970-06-07,Group 4,West Germany,Bulgaria,yes,Müller,https://www.rsssf.org/tables/70full.html
1970,1970-06-11,Group 1,Mexico,Belgium,yes,Peña,https://www.rsssf.org/tables/70full.html
1970,1970-06-11,Group 3,England,Czechoslovakia,yes,Clarke,https://www.rsssf.org/tables/70full.html
1974,1974-06-23,Group 3,Netherlands,Bulgaria,yes,Neeskens,https://www.rsssf.org/tables/74full.html
1974,1974-06-23,Group 3,Netherlands,Bulgaria,yes,Neeskens,https://www.rsssf.org/tables/74full.html
1974,1974-06-26,Second round Group B,Sweden,Poland,no,Tapper,https://www.rsssf.org/tables/74full.html
1974,1974-06-30,Second round Group B,Poland,Yugoslavia,yes,Deyna,https://www.rsssf.org/tables/74full.html
1974,1974-06-30,Second round Group B,West Germany,Sweden,yes,Hoeneß,https://www.rsssf.org/tables/74full.html
1974,1974-07-03,Second round Group B,West Germany,Poland,no,Hoeneß,https://www.rsssf.org/tables/74full.html
1974,1974-07-07,Final,Netherlands,West Germany,yes,Neeskens,https://www.rsssf.org/tables/74full.html
1974,1974-07-07,Final,West Germany,Netherlands,yes,Breitner,https://www.rsssf.org/tables/74full.html
1978,1978-06-02,Group 2,Mexico,Tunisia,yes,Vázquez Ayala,https://www.rsssf.org/tables/78full.html
1978,1978-06-03,Group 4,Netherlands,Iran,yes,Rensenbrink,https://www.rsssf.org/tables/78full.html
1978,1978-06-03,Group 4,Netherlands,Iran,yes,Rensenbrink,https://www.rsssf.org/tables/78full.html
1978,1978-06-03,Group 4,Scotland,Peru,no,Masson,https://www.rsssf.org/tables/78full.html
1978,1978-06-06,Group 1,Hungary,Italy,yes,A.Tóth,https://www.rsssf.org/tables/78full.html
1978,1978-06-06,Group 1,Argentina,France,yes,Passarella,https://www.rsssf.org/tables/78full.html
1978,1978-06-07,Group 3,Austria,Sweden,yes,Krankl,https://www.rsssf.org/tables/78full.html
1978,1978-06-11,Group 4,Netherlands,Scotland,yes,Rensenbrink,https://www.rsssf.org/tables/78full.html
1978,1978-06-11,Group 4,Scotland,Netherlands,yes,Gemmill,https://www.rsssf.org/tables/78full.html
1978,1978-06-11,Group 4,Peru,Iran,yes,Cubillas,https://www.rsssf.org/tables/78full.html
1978,1978-06-11,Group 4,Peru,Iran,yes,Cubillas,https://www.rsssf.org/tables/78full.html
1978,1978-06-14,Second round Group A,Netherlands,Austria,yes,Rensenbrink,https://www.rsssf.org/tables/78full.html
1978,1978-06-14,Second round Group B,Brazil,Peru,yes,Zico,https://www.rsssf.org/tables/78full.html
1978,1978-06-14,Second round Group B,Poland,Argentina,no,Deyna,https://www.rsssf.org/tables/78full.html
1982,1982-06-16,Group 5,Spain,Honduras,yes,López Ufarte,https://www.rsssf.org/tables/82full.html
1982,1982-06-17,Group 2,Chile,Austria,no,Caszely,https://www.rsssf.org/tables/82full.html
1982,1982-06-17,Group 4,Czechoslovakia,Kuwait,yes,Panenka,https://www.rsssf.org/tables/82full.html
1982,1982-06-20,Group 5,Spain,Yugoslavia,yes,Juanito,https://www.rsssf.org/tables/82full.html
1982,1982-06-23,Group 3,Argentina,El Salvador,yes,Passarella,https://www.rsssf.org/tables/82full.html
1982,1982-06-24,Group 2,Chile,Algeria,yes,Neira,https://www.rsssf.org/tables/82full.html
1982,1982-06-24,Group 4,Czechoslovakia,France,yes,Panenka,https://www.rsssf.org/tables/82full.html
1982,1982-06-24,Group 5,Yugoslavia,Honduras,yes,Petrović,https://web.archive.org/web/20170405011540/http://www.linguasport.com/futbol/internacional/mundial/1982_SPAIN_FS.htm
1982,1982-07-08,Semi-final,France,West Germany,yes,Platini,https://www.rsssf.org/tables/82full.html
1982,1982-07-11,Final,Italy,West Germany,no,Cabrini,https://www.rsssf.org/tables/82full.html
1986,1986-06-02,Group C,Soviet Union,Hungary,yes,Belanov,https://www.rsssf.org/tables/86full.html
1986,1986-06-02,Group C,Soviet Union,Hungary,no,Yevtushenko,https://www.rsssf.org/tables/86full.html
1986,1986-06-05,Group A,Italy,Argentina,yes,Altobelli,https://www.rsssf.org/tables/86full.html
1986,1986-06-07,Group B,Mexico,Paraguay,no,Hugo Sánchez,https://www.rsssf.org/tables/86full.html
1986,1986-06-08,Group B,Belgium,Iraq,yes,Claesen,https://www.rsssf.org/tables/86full.html
1986,1986-06-08,Group E,Uruguay,Denmark,yes,Francescoli,https://www.rsssf.org/tables/86full.html
1986,1986-06-10,Group A,Italy,South Korea,no,Altobelli,https://www.rsssf.org/tables/86full.html
1986,1986-06-13,Group E,Denmark,West Germany,yes,J.Olsen,https://www.rsssf.org/tables/86full.html
1986,1986-06-15,Round of 16,Soviet Union,Belgium,yes,Belanov,https://www.rsssf.org/tables/86full.html
1986,1986-06-16,Round of 16,Brazil,Poland,yes,Sócrates,https://www.rsssf.org/tables/86full.html
1986,1986-06-16,Round of 16,Brazil,Poland,yes,Careca,https://www.rsssf.org/tables/86full.html
1986,1986-06-18,Round of 16,Denmark,Spain,yes,J.Olsen,https://www.rsssf.org/tables/86full.html
1986,1986-06-18,Round of 16,Spain,Denmark,yes,Goicoechea,https://www.rsssf.org/tables/86full.html
1986,1986-06-18,Round of 16,Spain,Denmark,yes,Butragueño,https://www.rsssf.org/tables/86full.html
1986,1986-06-21,Quarter-final,Brazil,France,no,Zico,https://www.rsssf.org/tables/86full.html
1986,1986-06-28,Third place,France,Belgium,yes,Amorós,https://www.rsssf.org/tables/86full.html
