tournament_year,official_name,country,confederation,role_pool,source_url
1990,Shizuo Takada,Japan,AFC,referee (also served as linesman),https://en.wikipedia.org/wiki/1990_FIFA_World_Cup#Match_officials
1990,Jamal Al Sharif,Syria,AFC,referee (also served as linesman),https://en.wikipedia.org/wiki/1990_FIFA_World_Cup#Match_officials
1990,Neji Jouini,Tunisia,CAF,referee (also served as linesman),https://en.wikipedia.org/wiki/1990_FIFA_World_Cup#Match_officials
1990,Edgardo Codesal,Mexico,CONCACAF,referee (also served as linesman),https://en.wikipedia.org/wiki/1990_FIFA_World_Cup#Match_officials
1990,Vincent Mauro,United States,CONCACAF,referee (also served as linesman),https://en.wikipedia.org/wiki/1990_FIFA_World_Cup#Match_officials
1990,Juan Carlos Loustau,Argentina,CONMEBOL,referee (also served as linesman),https://en.wikipedia.org/wiki/1990_FIFA_World_Cup#Match_officials
1990,José Roberto Wright,Brazil,CONMEBOL,referee (also served as linesman),https://en.wikipedia.org/wiki/1990_FIFA_World_Cup#Match_officials
1990,Hernán Silva,Chile,CONMEBOL,referee (also served as linesman),https://en.wikipedia.org/wiki/1990_FIFA_World_Cup#Match_officials
1990,Elías Jácome,Ecuador,CONMEBOL,referee (also served as linesman),https://en.wikipedia.org/wiki/1990_FIFA_World_Cup#Match_officials
1990,Carlos Maciel,Paraguay,CONMEBOL,referee (also served as linesman),https://en.wikipedia.org/wiki/1990_FIFA_World_Cup#Match_officials
1990,Juan Daniel Cardellino,Uruguay,CONMEBOL,referee (also served as linesman),https://en.wikipedia.org/wiki/1990_FIFA_World_Cup#Match_officials
1990,Helmut Kohl,Austria,UEFA,referee (also served as linesman),https://en.wikipedia.org/wiki/1990_FIFA_World_Cup#Match_officials
1990,Marcel Van Langenhove,Belgium,UEFA,referee (also served as linesman),https://en.wikipedia.org/wiki/1990_FIFA_World_Cup#Match_officials
1990,Peter Mikkelsen,Denmark,UEFA,referee (also served as linesman),https://en.wikipedia.org/wiki/1990_FIFA_World_Cup#Match_officials
1990,Siegfried Kirschen,East Germany,UEFA,referee (also served as linesman),https://en.wikipedia.org/wiki/1990_FIFA_World_Cup#Match_officials
1990,George Courtney,England,UEFA,referee (also served as linesman),https://en.wikipedia.org/wiki/1990_FIFA_World_Cup#Match_officials
1990,Joël Quiniou,France,UEFA,referee (also served as linesman),https://en.wikipedia.org/wiki/1990_FIFA_World_Cup#Match_officials
1990,Michel Vautrot,France,UEFA,referee (also served as linesman),https://en.wikipedia.org/wiki/1990_FIFA_World_Cup#Match_officials
1990,Luigi Agnolin,Italy,UEFA,referee (also served as linesman),https://en.wikipedia.org/wiki/1990_FIFA_World_Cup#Match_officials
1990,Tullio Lanese,Italy,UEFA,referee (also served as linesman),https://en.wikipedia.org/wiki/1990_FIFA_World_Cup#Match_officials
1990,Alan Snoddy,Northern Ireland,UEFA,referee (also served as linesman),https://en.wikipedia.org/wiki/1990_FIFA_World_Cup#Match_officials
1990,Carlos Silva Valente,Portugal,UEFA,referee (also served as linesman),https://en.wikipedia.org/wiki/1990_FIFA_World_Cup#Match_officials
1990,George Smith,Scotland,UEFA,referee (also served as linesman),https://en.wikipedia.org/wiki/1990_FIFA_World_Cup#Match_officials
1990,Alexey Spirin,Soviet Union,UEFA,referee (also served as linesman),https://en.wikipedia.org/wiki/1990_FIFA_World_Cup#Match_officials
1990,Emilio Soriano Aladrén,Spain,UEFA,referee (also served as linesman),https://en.wikipedia.org/wiki/1990_FIFA_World_Cup#Match_officials
1990,Erik Fredriksson,Sweden,UEFA,referee (also served as linesman),https://en.wikipedia.org/wiki/1990_FIFA_World_Cup#Match_officials
1990,Kurt Röthlisberger,Switzerland,UEFA,referee (also served as linesman),https://en.wikipedia.org/wiki/1990_FIFA_World_Cup#Match_officials
1990,Aron Schmidhuber,West Germany,UEFA,referee (also served as linesman),https://en.wikipedia.org/wiki/1990_FIFA_World_Cup#Match_officials
1990,Zoran Petrović,Yugoslavia,UEFA,referee (also served as linesman),https://en.wikipedia.org/wiki/1990_FIFA_World_Cup#Match_officials
1990,Jassim Mandi,Bahrain,AFC,assistant (used only as linesman),https://en.wikipedia.org/wiki/1990_FIFA_World_Cup#Match_officials
1990,Mohamed Hansal,Algeria,CAF,assistant (used only as linesman),https://en.wikipedia.org/wiki/1990_FIFA_World_Cup#Match_officials
1990,Jean-Fidèle Diramba,Gabon,CAF,assistant (used only as linesman),https://en.wikipedia.org/wiki/1990_FIFA_World_Cup#Match_officials
1990,Berny Ulloa Morera,Costa Rica,CONCACAF,assistant (used only as linesman),https://en.wikipedia.org/wiki/1990_FIFA_World_Cup#Match_officials
1990,Armando Pérez Hoyos,Colombia,CONMEBOL,assistant (used only as linesman),https://en.wikipedia.org/wiki/1990_FIFA_World_Cup#Match_officials
1990,Richard Lorenc,Australia,OFC,assistant (used only as linesman),https://en.wikipedia.org/wiki/1990_FIFA_World_Cup#Match_officials
1990,Carlo Longhi,Italy,UEFA,assistant (used only as linesman),https://en.wikipedia.org/wiki/1990_FIFA_World_Cup#Match_officials
1990,Pierluigi Magni,Italy,UEFA,assistant (used only as linesman),https://en.wikipedia.org/wiki/1990_FIFA_World_Cup#Match_officials
1990,Pierluigi Pairetto,Italy,UEFA,assistant (used only as linesman),https://en.wikipedia.org/wiki/1990_FIFA_World_Cup#Match_officials
1990,Pietro d'Elia,Italy,UEFA,assistant (used only as linesman),https://en.wikipedia.org/wiki/1990_FIFA_World_Cup#Match_officials
1990,Rosario Lo Bello,Italy,UEFA,assistant (used only as linesman),https://en.wikipedia.org/wiki/1990_FIFA_World_Cup#Match_officials
1990,Michał Listkiewicz,Poland,UEFA,assistant (used only as linesman),https://en.wikipedia.org/wiki/1990_FIFA_World_Cup#Match_officials
1994,Jamal Al Sharif,Syria,AFC,referee,https://en.wikipedia.org/wiki/1994_FIFA_World_Cup#Referees
1994,Ali Bujsaim,United Arab Emirates,AFC,referee,https://en.wikipedia.org/wiki/1994_FIFA_World_Cup#Referees
1994,Lim Kee Chong,Mauritius,CAF,referee,https://en.wikipedia.org/wiki/1994_FIFA_World_Cup#Referees
1994,Neji Jouini,Tunisia,CAF,referee,https://en.wikipedia.org/wiki/1994_FIFA_World_Cup#Referees
1994,Rodrigo Badilla,Costa Rica,CONCACAF,referee,https://en.wikipedia.org/wiki/1994_FIFA_World_Cup#Referees
1994,Arturo Brizio Carter,Mexico,CONCACAF,referee,https://en.wikipedia.org/wiki/1994_FIFA_World_Cup#Referees
1994,Arturo Angeles,United States,CONCACAF,referee,https://en.wikipedia.org/wiki/1994_FIFA_World_Cup#Referees
1994,Francisco Oscar Lamolina,Argentina,CONMEBOL,referee,https://en.wikipedia.org/wiki/1994_FIFA_World_Cup#Referees
1994,Renato Marsiglia,Brazil,CONMEBOL,referee,https://en.wikipedia.org/wiki/1994_FIFA_World_Cup#Referees
1994,José Torres Cadena,Colombia,CONMEBOL,referee,https://en.wikipedia.org/wiki/1994_FIFA_World_Cup#Referees
1994,Alberto Tejada Noriega,Peru,CONMEBOL,referee,https://en.wikipedia.org/wiki/1994_FIFA_World_Cup#Referees
1994,Ernesto Filippi,Uruguay,CONMEBOL,referee,https://en.wikipedia.org/wiki/1994_FIFA_World_Cup#Referees
1994,Peter Mikkelsen,Denmark,UEFA,referee,https://en.wikipedia.org/wiki/1994_FIFA_World_Cup#Referees
1994,Philip Don,England,UEFA,referee,https://en.wikipedia.org/wiki/1994_FIFA_World_Cup#Referees
1994,Joël Quiniou,France,UEFA,referee,https://en.wikipedia.org/wiki/1994_FIFA_World_Cup#Referees
1994,Hellmut Krug,Germany,UEFA,referee,https://en.wikipedia.org/wiki/1994_FIFA_World_Cup#Referees
1994,Sándor Puhl,Hungary,UEFA,referee,https://en.wikipedia.org/wiki/1994_FIFA_World_Cup#Referees
1994,Fabio Baldas,Italy,UEFA,referee,https://en.wikipedia.org/wiki/1994_FIFA_World_Cup#Referees
1994,Pierluigi Pairetto,Italy,UEFA,referee,https://en.wikipedia.org/wiki/1994_FIFA_World_Cup#Referees
1994,Mario van der Ende,Netherlands,UEFA,referee,https://en.wikipedia.org/wiki/1994_FIFA_World_Cup#Referees
1994,Leslie Mottram,Scotland,UEFA,referee,https://en.wikipedia.org/wiki/1994_FIFA_World_Cup#Referees
1994,Manuel Díaz Vega,Spain,UEFA,referee,https://en.wikipedia.org/wiki/1994_FIFA_World_Cup#Referees
1994,Bo Karlsson,Sweden,UEFA,referee,https://en.wikipedia.org/wiki/1994_FIFA_World_Cup#Referees
1994,Kurt Röthlisberger,Switzerland,UEFA,referee,https://en.wikipedia.org/wiki/1994_FIFA_World_Cup#Referees
1994,Abdulla Al Ghattan,Bahrain,AFC,linesman,https://en.wikipedia.org/wiki/1994_FIFA_World_Cup_Group_A
1994,Mohammad Fanaei,Iran,AFC,linesman,https://en.wikipedia.org/wiki/1994_FIFA_World_Cup_Group_A
1994,Park Hae-young,South Korea,AFC,linesman,https://en.wikipedia.org/wiki/1994_FIFA_World_Cup_Group_D
1994,Abdel-Magid Hassan,Egypt,CAF,linesman,https://en.wikipedia.org/wiki/1994_FIFA_World_Cup_Group_A
1994,El Jilali Rharib,Morocco,CAF,linesman,https://en.wikipedia.org/wiki/1994_FIFA_World_Cup_Group_A
1994,Raimundo Calix Garcia,Honduras,CONCACAF,linesman,https://en.wikipedia.org/wiki/1994_FIFA_World_Cup_Group_C
1994,Douglas Micael James,Trinidad and Tobago,CONCACAF,linesman,https://en.wikipedia.org/wiki/1994_FIFA_World_Cup_Group_A
1994,Ernesto Taibi,Argentina,CONMEBOL,linesman,https://en.wikipedia.org/wiki/1994_FIFA_World_Cup_Group_A
1994,Paulo Jorge Alves,Brazil,CONMEBOL,linesman,https://en.wikipedia.org/wiki/1994_FIFA_World_Cup_Group_D
1994,Venancio Zarate,Paraguay,CONMEBOL,linesman,https://en.wikipedia.org/wiki/1994_FIFA_World_Cup_Group_A
1994,Eugene Brazzale,Australia,OFC,linesman,https://en.wikipedia.org/wiki/1994_FIFA_World_Cup_Group_C
1994,Gordon Dunster,Australia,OFC,linesman,https://en.wikipedia.org/wiki/1994_FIFA_World_Cup_Group_A
1994,Luc Matthys,Belgium,UEFA,linesman,https://en.wikipedia.org/wiki/1994_FIFA_World_Cup_Group_B
1994,Carl-Johan Meyer Christensen,Denmark,UEFA,linesman,https://en.wikipedia.org/wiki/1994_FIFA_World_Cup_Group_A
1994,Roy Pearson,England,UEFA,linesman,https://en.wikipedia.org/wiki/1994_FIFA_World_Cup_Group_C
1994,Tapio Yli-Karro,Finland,UEFA,linesman,https://en.wikipedia.org/wiki/1994_FIFA_World_Cup_Group_D
1994,Sándor Márton,Hungary,UEFA,linesman,https://en.wikipedia.org/wiki/1994_FIFA_World_Cup_Group_B
1994,Domenico Ramicone,Italy,UEFA,linesman,https://en.wikipedia.org/wiki/1994_FIFA_World_Cup_Group_A
1994,Jan Dolstra,Netherlands,UEFA,linesman,https://en.wikipedia.org/wiki/1994_FIFA_World_Cup_Group_A
1994,Michał Listkiewicz,Poland,UEFA,linesman,https://en.wikipedia.org/wiki/1994_FIFA_World_Cup_Group_E
1994,Valentin Ivanov,Russia,UEFA,linesman,https://en.wikipedia.org/wiki/1994_FIFA_World_Cup_Group_C
1994,Mikael Erik Everstig,Sweden,UEFA,linesman,https://en.wikipedia.org/wiki/1994_FIFA_World_Cup_Group_C
1998,Masayoshi Okada,Japan,AFC,referee,https://en.wikipedia.org/wiki/1998_FIFA_World_Cup#Match_officials
1998,Abdul Rahman Al-Zaid,Saudi Arabia,AFC,referee,https://en.wikipedia.org/wiki/1998_FIFA_World_Cup#Match_officials
1998,Pirom Un-Prasert,Thailand,AFC,referee,https://en.wikipedia.org/wiki/1998_FIFA_World_Cup#Match_officials
1998,Ali Bujsaim,United Arab Emirates,AFC,referee,https://en.wikipedia.org/wiki/1998_FIFA_World_Cup#Match_officials
1998,Gamal Al-Ghandour,Egypt,CAF,referee,https://en.wikipedia.org/wiki/1998_FIFA_World_Cup#Match_officials
1998,Lim Kee Chong,Mauritius,CAF,referee,https://en.wikipedia.org/wiki/1998_FIFA_World_Cup#Match_officials
1998,Said Belqola,Morocco,CAF,referee,https://en.wikipedia.org/wiki/1998_FIFA_World_Cup#Match_officials
1998,Lucien Bouchardeau,Niger,CAF,referee,https://en.wikipedia.org/wiki/1998_FIFA_World_Cup#Match_officials
1998,Ian McLeod,South Africa,CAF,referee,https://en.wikipedia.org/wiki/1998_FIFA_World_Cup#Match_officials
1998,Arturo Brizio Carter,Mexico,CONCACAF,referee,https://en.wikipedia.org/wiki/1998_FIFA_World_Cup#Match_officials
1998,Ramesh Ramdhan,Trinidad and Tobago,CONCACAF,referee,https://en.wikipedia.org/wiki/1998_FIFA_World_Cup#Match_officials
1998,Esfandiar Baharmast,United States,CONCACAF,referee,https://en.wikipedia.org/wiki/1998_FIFA_World_Cup#Match_officials
1998,Javier Castrilli,Argentina,CONMEBOL,referee,https://en.wikipedia.org/wiki/1998_FIFA_World_Cup#Match_officials
1998,Márcio Rezende de Freitas,Brazil,CONMEBOL,referee,https://en.wikipedia.org/wiki/1998_FIFA_World_Cup#Match_officials
1998,Mario Sánchez Yanten,Chile,CONMEBOL,referee,https://en.wikipedia.org/wiki/1998_FIFA_World_Cup#Match_officials
1998,John Toro Rendón,Colombia,CONMEBOL,referee,https://en.wikipedia.org/wiki/1998_FIFA_World_Cup#Match_officials
1998,Epifanio González,Paraguay,CONMEBOL,referee,https://en.wikipedia.org/wiki/1998_FIFA_World_Cup#Match_officials
1998,Alberto Tejada Noriega,Peru,CONMEBOL,referee,https://en.wikipedia.org/wiki/1998_FIFA_World_Cup#Match_officials
1998,Eddie Lennie,Australia,OFC,referee,https://en.wikipedia.org/wiki/1998_FIFA_World_Cup#Match_officials
1998,Günter Benkö,Austria,UEFA,referee,https://en.wikipedia.org/wiki/1998_FIFA_World_Cup#Match_officials
1998,Kim Milton Nielsen,Denmark,UEFA,referee,https://en.wikipedia.org/wiki/1998_FIFA_World_Cup#Match_officials
1998,Paul Durkin,England,UEFA,referee,https://en.wikipedia.org/wiki/1998_FIFA_World_Cup#Match_officials
1998,Marc Batta,France,UEFA,referee,https://en.wikipedia.org/wiki/1998_FIFA_World_Cup#Match_officials
1998,Bernd Heynemann,Germany,UEFA,referee,https://en.wikipedia.org/wiki/1998_FIFA_World_Cup#Match_officials
1998,László Vágner,Hungary,UEFA,referee,https://en.wikipedia.org/wiki/1998_FIFA_World_Cup#Match_officials
1998,Pierluigi Collina,Italy,UEFA,referee,https://en.wikipedia.org/wiki/1998_FIFA_World_Cup#Match_officials
1998,Mario van der Ende,Netherlands,UEFA,referee,https://en.wikipedia.org/wiki/1998_FIFA_World_Cup#Match_officials
1998,Rune Pedersen,Norway,UEFA,referee,https://en.wikipedia.org/wiki/1998_FIFA_World_Cup#Match_officials
1998,Ryszard Wójcik,Poland,UEFA,referee,https://en.wikipedia.org/wiki/1998_FIFA_World_Cup#Match_officials
1998,Vítor Melo Pereira,Portugal,UEFA,referee,https://en.wikipedia.org/wiki/1998_FIFA_World_Cup#Match_officials
1998,Nikolai Levnikov,Russia,UEFA,referee,https://en.wikipedia.org/wiki/1998_FIFA_World_Cup#Match_officials
1998,Hugh Dallas,Scotland,UEFA,referee,https://en.wikipedia.org/wiki/1998_FIFA_World_Cup#Match_officials
1998,José María García-Aranda,Spain,UEFA,referee,https://en.wikipedia.org/wiki/1998_FIFA_World_Cup#Match_officials
1998,Urs Meier,Switzerland,UEFA,referee,https://en.wikipedia.org/wiki/1998_FIFA_World_Cup#Match_officials
1998,Hussain Ghadanfari,Kuwait,AFC,assistant referee,https://web.archive.org/web/20080107083335/http://www.fifa.com/newscentre/news/newsid=70367.html
1998,Halim Abdul Hamid,Malaysia,AFC,assistant referee,https://web.archive.org/web/20080107083335/http://www.fifa.com/newscentre/news/newsid=70367.html
1998,Mohamed Al Musawi,Oman,AFC,assistant referee,https://web.archive.org/web/20080107083335/http://www.fifa.com/newscentre/news/newsid=70367.html
1998,Jeon Young-Hyun,South Korea,AFC,assistant referee,https://web.archive.org/web/20080107083335/http://www.fifa.com/newscentre/news/newsid=70367.html
1998,Muhamad Wickeramatunge Samarathna,Sri Lanka,AFC,assistant referee,https://web.archive.org/web/20080107083335/http://www.fifa.com/newscentre/news/newsid=70367.html
1998,Dramane Dante,Mali,CAF,assistant referee,https://web.archive.org/web/20080107083335/http://www.fifa.com/newscentre/news/newsid=70367.html
1998,Achmat Salie,South Africa,CAF,assistant referee,https://web.archive.org/web/20080107083335/http://www.fifa.com/newscentre/news/newsid=70367.html
1998,Aristidis Chris Soldatos,South Africa,CAF,assistant referee,https://web.archive.org/web/20080107083335/http://www.fifa.com/newscentre/news/newsid=70367.html
1998,Mohamed Mansri,Tunisia,CAF,assistant referee,https://web.archive.org/web/20080107083335/http://www.fifa.com/newscentre/news/newsid=70367.html
1998,Luis Torres Zúñiga,Costa Rica,CONCACAF,assistant referee,https://web.archive.org/web/20080107083335/http://www.fifa.com/newscentre/news/newsid=70367.html
1998,Elias Salinas Rostran,Honduras,CONCACAF,assistant referee,https://web.archive.org/web/20080107083335/http://www.fifa.com/newscentre/news/newsid=70367.html
1998,Owen Powell,Jamaica,CONCACAF,assistant referee,https://web.archive.org/web/20080107083335/http://www.fifa.com/newscentre/news/newsid=70367.html
1998,Merere Gonzales,Trinidad and Tobago,CONCACAF,assistant referee,https://web.archive.org/web/20080107083335/http://www.fifa.com/newscentre/news/newsid=70367.html
1998,Claudio Rossi,Argentina,CONMEBOL,assistant referee,https://web.archive.org/web/20080107083335/http://www.fifa.com/newscentre/news/newsid=70367.html
1998,Arnaldo de Menezes Pinto Filho,Brazil,CONMEBOL,assistant referee,https://web.archive.org/web/20080107083335/http://www.fifa.com/newscentre/news/newsid=70367.html
1998,Jorge Alberto Diaz Galvez,Chile,CONMEBOL,assistant referee,https://web.archive.org/web/20080107083335/http://www.fifa.com/newscentre/news/newsid=70367.html
1998,Jorge Luis Arango,Colombia,CONMEBOL,assistant referee,https://web.archive.org/web/20080107083335/http://www.fifa.com/newscentre/news/newsid=70367.html
1998,Celestino Galván,Paraguay,CONMEBOL,assistant referee,https://web.archive.org/web/20080107083335/http://www.fifa.com/newscentre/news/newsid=70367.html
1998,Lencie Fred,Vanuatu,OFC,assistant referee,https://web.archive.org/web/20080107083335/http://www.fifa.com/newscentre/news/newsid=70367.html
1998,Yuri Dupanov,Belarus,UEFA,assistant referee,https://web.archive.org/web/20080107083335/http://www.fifa.com/newscentre/news/newsid=70367.html
1998,Marc Van den Broeck,Belgium,UEFA,assistant referee,https://web.archive.org/web/20080107083335/http://www.fifa.com/newscentre/news/newsid=70367.html
1998,Evžen Amler,Czech Republic,UEFA,assistant referee,https://web.archive.org/web/20080107083335/http://www.fifa.com/newscentre/news/newsid=70367.html
1998,Mark Warren,England,UEFA,assistant referee,https://web.archive.org/web/20080107083335/http://www.fifa.com/newscentre/news/newsid=70367.html
1998,Jacques Poudevigne,France,UEFA,assistant referee,https://web.archive.org/web/20080107083335/http://www.fifa.com/newscentre/news/newsid=70367.html
1998,Erich Schneider,Germany,UEFA,assistant referee,https://web.archive.org/web/20080107083335/http://www.fifa.com/newscentre/news/newsid=70367.html
1998,Gennaro Mazzei,Italy,UEFA,assistant referee,https://web.archive.org/web/20080107083335/http://www.fifa.com/newscentre/news/newsid=70367.html
1998,Emanuel Zammit,Malta,UEFA,assistant referee,https://web.archive.org/web/20080107083335/http://www.fifa.com/newscentre/news/newsid=70367.html
1998,Jacek Pocięgiel,Poland,UEFA,assistant referee,https://web.archive.org/web/20080107083335/http://www.fifa.com/newscentre/news/newsid=70367.html
1998,Eddie Foley,Republic of Ireland,UEFA,assistant referee,https://web.archive.org/web/20080107083335/http://www.fifa.com/newscentre/news/newsid=70367.html
1998,Nicolae Grigorescu,Romania,UEFA,assistant referee,https://web.archive.org/web/20080107083335/http://www.fifa.com/newscentre/news/newsid=70367.html
1998,Fernando Tresaco Gracia,Spain,UEFA,assistant referee,https://web.archive.org/web/20080107083335/http://www.fifa.com/newscentre/news/newsid=70367.html
1998,Mikael Nilsson,Sweden,UEFA,assistant referee,https://web.archive.org/web/20080107083335/http://www.fifa.com/newscentre/news/newsid=70367.html
1998,Laurent Rausis,Switzerland,UEFA,assistant referee,https://web.archive.org/web/20080107083335/http://www.fifa.com/newscentre/news/newsid=70367.html
2002,Lu Jun,China PR,AFC,referee,https://en.wikipedia.org/wiki/2002_FIFA_World_Cup#Match_officials
2002,Toru Kamikawa,Japan,AFC,referee,https://en.wikipedia.org/wiki/2002_FIFA_World_Cup#Match_officials
2002,Saad Mane,Kuwait,AFC,referee,https://en.wikipedia.org/wiki/2002_FIFA_World_Cup#Match_officials
2002,Kim Young-joo,South Korea,AFC,referee,https://en.wikipedia.org/wiki/2002_FIFA_World_Cup#Match_officials
2002,Ali Bujsaim,United Arab Emirates,AFC,referee,https://en.wikipedia.org/wiki/2002_FIFA_World_Cup#Match_officials
2002,Coffi Codjia,Benin,CAF,referee,https://en.wikipedia.org/wiki/2002_FIFA_World_Cup#Match_officials
2002,Gamal Al-Ghandour,Egypt,CAF,referee,https://en.wikipedia.org/wiki/2002_FIFA_World_Cup#Match_officials
2002,Mohamed Guezzaz,Morocco,CAF,referee,https://en.wikipedia.org/wiki/2002_FIFA_World_Cup#Match_officials
2002,Falla N'Doye,Senegal,CAF,referee,https://en.wikipedia.org/wiki/2002_FIFA_World_Cup#Match_officials
2002,Mourad Daami,Tunisia,CAF,referee,https://en.wikipedia.org/wiki/2002_FIFA_World_Cup#Match_officials
2002,William Mattus,Costa Rica,CONCACAF,referee,https://en.wikipedia.org/wiki/2002_FIFA_World_Cup#Match_officials
2002,Carlos Batres,Guatemala,CONCACAF,referee,https://en.wikipedia.org/wiki/2002_FIFA_World_Cup#Match_officials
2002,Peter Prendergast,Jamaica,CONCACAF,referee,https://en.wikipedia.org/wiki/2002_FIFA_World_Cup#Match_officials
2002,Felipe Ramos,Mexico,CONCACAF,referee,https://en.wikipedia.org/wiki/2002_FIFA_World_Cup#Match_officials
2002,Brian Hall,United States,CONCACAF,referee,https://en.wikipedia.org/wiki/2002_FIFA_World_Cup#Match_officials
2002,Ángel Sánchez,Argentina,CONMEBOL,referee,https://en.wikipedia.org/wiki/2002_FIFA_World_Cup#Match_officials
2002,René Ortubé,Bolivia,CONMEBOL,referee,https://en.wikipedia.org/wiki/2002_FIFA_World_Cup#Match_officials
2002,Carlos Simon,Brazil,CONMEBOL,referee,https://en.wikipedia.org/wiki/2002_FIFA_World_Cup#Match_officials
2002,Óscar Ruiz,Colombia,CONMEBOL,referee,https://en.wikipedia.org/wiki/2002_FIFA_World_Cup#Match_officials
2002,Byron Moreno,Ecuador,CONMEBOL,referee,https://en.wikipedia.org/wiki/2002_FIFA_World_Cup#Match_officials
2002,Ubaldo Aquino,Paraguay,CONMEBOL,referee,https://en.wikipedia.org/wiki/2002_FIFA_World_Cup#Match_officials
2002,Mark Shield,Australia,OFC,referee,https://en.wikipedia.org/wiki/2002_FIFA_World_Cup#Match_officials
2002,Kim Milton Nielsen,Denmark,UEFA,referee,https://en.wikipedia.org/wiki/2002_FIFA_World_Cup#Match_officials
2002,Graham Poll,England,UEFA,referee,https://en.wikipedia.org/wiki/2002_FIFA_World_Cup#Match_officials
2002,Gilles Veissière,France,UEFA,referee,https://en.wikipedia.org/wiki/2002_FIFA_World_Cup#Match_officials
2002,Markus Merk,Germany,UEFA,referee,https://en.wikipedia.org/wiki/2002_FIFA_World_Cup#Match_officials
2002,Kyros Vassaras,Greece,UEFA,referee,https://en.wikipedia.org/wiki/2002_FIFA_World_Cup#Match_officials
2002,Pierluigi Collina,Italy,UEFA,referee,https://en.wikipedia.org/wiki/2002_FIFA_World_Cup#Match_officials
2002,Jan Wegereef,Netherlands,UEFA,referee,https://en.wikipedia.org/wiki/2002_FIFA_World_Cup#Match_officials
2002,Terje Hauge,Norway,UEFA,referee,https://en.wikipedia.org/wiki/2002_FIFA_World_Cup#Match_officials
2002,Vítor Melo Pereira,Portugal,UEFA,referee,https://en.wikipedia.org/wiki/2002_FIFA_World_Cup#Match_officials
2002,Hugh Dallas,Scotland,UEFA,referee,https://en.wikipedia.org/wiki/2002_FIFA_World_Cup#Match_officials
2002,Ľuboš Micheľ,Slovakia,UEFA,referee,https://en.wikipedia.org/wiki/2002_FIFA_World_Cup#Match_officials
2002,Antonio López Nieto,Spain,UEFA,referee,https://en.wikipedia.org/wiki/2002_FIFA_World_Cup#Match_officials
2002,Anders Frisk,Sweden,UEFA,referee,https://en.wikipedia.org/wiki/2002_FIFA_World_Cup#Match_officials
2002,Urs Meier,Switzerland,UEFA,referee,https://en.wikipedia.org/wiki/2002_FIFA_World_Cup#Match_officials
2002,Komaleeswaran Sankar,India,AFC,assistant referee,https://en.wikipedia.org/wiki/2002_FIFA_World_Cup#Match_officials
2002,Awni Hassouneh,Jordan,AFC,assistant referee,https://en.wikipedia.org/wiki/2002_FIFA_World_Cup#Match_officials
2002,Haidar Koleit,Lebanon,AFC,assistant referee,https://en.wikipedia.org/wiki/2002_FIFA_World_Cup#Match_officials
2002,Mat Lazim Awang Hamat,Malaysia,AFC,assistant referee,https://en.wikipedia.org/wiki/2002_FIFA_World_Cup#Match_officials
2002,Mohamed Saeed,Maldives,AFC,assistant referee,https://en.wikipedia.org/wiki/2002_FIFA_World_Cup#Match_officials
2002,Ali Al-Traifi,Saudi Arabia,AFC,assistant referee,https://en.wikipedia.org/wiki/2002_FIFA_World_Cup#Match_officials
2002,Visva Krishnan,Singapore,AFC,assistant referee,https://en.wikipedia.org/wiki/2002_FIFA_World_Cup#Match_officials
2002,Wagih Farag,Egypt,CAF,assistant referee,https://en.wikipedia.org/wiki/2002_FIFA_World_Cup#Match_officials
2002,Dramane Dante,Mali,CAF,assistant referee,https://en.wikipedia.org/wiki/2002_FIFA_World_Cup#Match_officials
2002,Taoufik Adjengui,Tunisia,CAF,assistant referee,https://en.wikipedia.org/wiki/2002_FIFA_World_Cup#Match_officials
2002,Ali Tomusange,Uganda,CAF,assistant referee,https://en.wikipedia.org/wiki/2002_FIFA_World_Cup#Match_officials
2002,Brighton Mudzamiri,Zimbabwe,CAF,assistant referee,https://en.wikipedia.org/wiki/2002_FIFA_World_Cup#Match_officials
2002,Curtis Charles,Antigua and Barbuda,CONCACAF,assistant referee,https://en.wikipedia.org/wiki/2002_FIFA_World_Cup#Match_officials
2002,Héctor Vergara,Canada,CONCACAF,assistant referee,https://en.wikipedia.org/wiki/2002_FIFA_World_Cup#Match_officials
2002,Vladimir Fernández,El Salvador,CONCACAF,assistant referee,https://en.wikipedia.org/wiki/2002_FIFA_World_Cup#Match_officials
2002,Michael Ragoonath,Trinidad and Tobago,CONCACAF,assistant referee,https://en.wikipedia.org/wiki/2002_FIFA_World_Cup#Match_officials
2002,Jorge Rattalino,Argentina,CONMEBOL,assistant referee,https://en.wikipedia.org/wiki/2002_FIFA_World_Cup#Match_officials
2002,Jorge Oliveira,Brazil,CONMEBOL,assistant referee,https://en.wikipedia.org/wiki/2002_FIFA_World_Cup#Match_officials
2002,Bomer Fierro,Ecuador,CONMEBOL,assistant referee,https://en.wikipedia.org/wiki/2002_FIFA_World_Cup#Match_officials
2002,Miguel Giacomuzzi,Paraguay,CONMEBOL,assistant referee,https://en.wikipedia.org/wiki/2002_FIFA_World_Cup#Match_officials
2002,Paul Smith,New Zealand,OFC,assistant referee,https://en.wikipedia.org/wiki/2002_FIFA_World_Cup#Match_officials
2002,Elise Doriri,Vanuatu,OFC,assistant referee,https://en.wikipedia.org/wiki/2002_FIFA_World_Cup#Match_officials
2002,Egon Bereuter,Austria,UEFA,assistant referee,https://en.wikipedia.org/wiki/2002_FIFA_World_Cup#Match_officials
2002,Yury Dupanov,Belarus,UEFA,assistant referee,https://en.wikipedia.org/wiki/2002_FIFA_World_Cup#Match_officials
2002,Roland Van Nylen,Belgium,UEFA,assistant referee,https://en.wikipedia.org/wiki/2002_FIFA_World_Cup#Match_officials
2002,Evzen Amler,Czech Republic,UEFA,assistant referee,https://en.wikipedia.org/wiki/2002_FIFA_World_Cup#Match_officials
2002,Jens Larsen,Denmark,UEFA,assistant referee,https://en.wikipedia.org/wiki/2002_FIFA_World_Cup#Match_officials
2002,Philip Sharp,England,UEFA,assistant referee,https://en.wikipedia.org/wiki/2002_FIFA_World_Cup#Match_officials
2002,Frédéric Arnault,France,UEFA,assistant referee,https://en.wikipedia.org/wiki/2002_FIFA_World_Cup#Match_officials
2002,Heiner Müller,Germany,UEFA,assistant referee,https://en.wikipedia.org/wiki/2002_FIFA_World_Cup#Match_officials
2002,Ferenc Szekely,Hungary,UEFA,assistant referee,https://en.wikipedia.org/wiki/2002_FIFA_World_Cup#Match_officials
2002,Jaap Pool,Netherlands,UEFA,assistant referee,https://en.wikipedia.org/wiki/2002_FIFA_World_Cup#Match_officials
2002,Maciej Wierzbowski,Poland,UEFA,assistant referee,https://en.wikipedia.org/wiki/2002_FIFA_World_Cup#Match_officials
2002,Carlos Matos,Portugal,UEFA,assistant referee,https://en.wikipedia.org/wiki/2002_FIFA_World_Cup#Match_officials
2002,Igor Šramka,Slovakia,UEFA,assistant referee,https://en.wikipedia.org/wiki/2002_FIFA_World_Cup#Match_officials
2002,Leif Lindberg,Sweden,UEFA,assistant referee,https://en.wikipedia.org/wiki/2002_FIFA_World_Cup#Match_officials
2006,Mark Shield,Australia,AFC,referee,"https://web.archive.org/web/20060630203018/http://www.fifa.com/en/media/index/0,1369,117658,00.html"
2006,Toru Kamikawa,Japan,AFC,referee,"https://web.archive.org/web/20060630203018/http://www.fifa.com/en/media/index/0,1369,117658,00.html"
2006,Shamsul Maidin,Singapore,AFC,referee,"https://web.archive.org/web/20060630203018/http://www.fifa.com/en/media/index/0,1369,117658,00.html"
2006,Coffi Codjia,Benin,CAF,referee,"https://web.archive.org/web/20060630203018/http://www.fifa.com/en/media/index/0,1369,117658,00.html"
2006,Essam Abd El Fatah,Egypt,CAF,referee,"https://web.archive.org/web/20060630203018/http://www.fifa.com/en/media/index/0,1369,117658,00.html"
2006,Peter Prendergast,Jamaica,CONCACAF,referee (selected; withdrew before tournament),"https://web.archive.org/web/20060630203018/http://www.fifa.com/en/media/index/0,1369,117658,00.html"
2006,Benito Archundia,Mexico,CONCACAF,referee,"https://web.archive.org/web/20060630203018/http://www.fifa.com/en/media/index/0,1369,117658,00.html"
2006,Marco Rodríguez,Mexico,CONCACAF,referee,"https://web.archive.org/web/20060630203018/http://www.fifa.com/en/media/index/0,1369,117658,00.html"
2006,Horacio Elizondo,Argentina,CONMEBOL,referee,"https://web.archive.org/web/20060630203018/http://www.fifa.com/en/media/index/0,1369,117658,00.html"
2006,Carlos Simon,Brazil,CONMEBOL,referee,"https://web.archive.org/web/20060630203018/http://www.fifa.com/en/media/index/0,1369,117658,00.html"
2006,Óscar Ruiz,Colombia,CONMEBOL,referee,"https://web.archive.org/web/20060630203018/http://www.fifa.com/en/media/index/0,1369,117658,00.html"
2006,Carlos Amarilla,Paraguay,CONMEBOL,referee,"https://web.archive.org/web/20060630203018/http://www.fifa.com/en/media/index/0,1369,117658,00.html"
2006,Jorge Larrionda,Uruguay,CONMEBOL,referee,"https://web.archive.org/web/20060630203018/http://www.fifa.com/en/media/index/0,1369,117658,00.html"
2006,Frank De Bleeckere,Belgium,UEFA,referee,"https://web.archive.org/web/20060630203018/http://www.fifa.com/en/media/index/0,1369,117658,00.html"
2006,Graham Poll,England,UEFA,referee,"https://web.archive.org/web/20060630203018/http://www.fifa.com/en/media/index/0,1369,117658,00.html"
2006,Éric Poulat,France,UEFA,referee,"https://web.archive.org/web/20060630203018/http://www.fifa.com/en/media/index/0,1369,117658,00.html"
2006,Markus Merk,Germany,UEFA,referee,"https://web.archive.org/web/20060630203018/http://www.fifa.com/en/media/index/0,1369,117658,00.html"
2006,Massimo De Santis,Italy,UEFA,referee (selected; withdrew before tournament),"https://web.archive.org/web/20060630203018/http://www.fifa.com/en/media/index/0,1369,117658,00.html"
2006,Roberto Rosetti,Italy,UEFA,referee,"https://web.archive.org/web/20060630203018/http://www.fifa.com/en/media/index/0,1369,117658,00.html"
2006,Valentin Ivanov,Russia,UEFA,referee,"https://web.archive.org/web/20060630203018/http://www.fifa.com/en/media/index/0,1369,117658,00.html"
2006,Ľuboš Micheľ,Slovakia,UEFA,referee,"https://web.archive.org/web/20060630203018/http://www.fifa.com/en/media/index/0,1369,117658,00.html"
2006,Luis Medina Cantalejo,Spain,UEFA,referee,"https://web.archive.org/web/20060630203018/http://www.fifa.com/en/media/index/0,1369,117658,00.html"
2006,Massimo Busacca,Switzerland,UEFA,referee,"https://web.archive.org/web/20060630203018/http://www.fifa.com/en/media/index/0,1369,117658,00.html"
2006,Ben Wilson,Australia,AFC,assistant referee,"https://web.archive.org/web/20060630203018/http://www.fifa.com/en/media/index/0,1369,117658,00.html"
2006,Nathan Gibson,Australia,AFC,assistant referee,"https://web.archive.org/web/20060630203018/http://www.fifa.com/en/media/index/0,1369,117658,00.html"
2006,Yoshikazu Hiroshima,Japan,AFC,assistant referee,"https://web.archive.org/web/20060630203018/http://www.fifa.com/en/media/index/0,1369,117658,00.html"
2006,Kim Dae-young,South Korea,AFC,assistant referee,"https://web.archive.org/web/20060630203018/http://www.fifa.com/en/media/index/0,1369,117658,00.html"
2006,Prachya Permpanich,Thailand,AFC,assistant referee,"https://web.archive.org/web/20060630203018/http://www.fifa.com/en/media/index/0,1369,117658,00.html"
2006,Eisa Gholoum,United Arab Emirates,AFC,assistant referee,"https://web.archive.org/web/20060630203018/http://www.fifa.com/en/media/index/0,1369,117658,00.html"
2006,Aboudou Aderodjou,Benin,CAF,assistant referee,"https://web.archive.org/web/20060630203018/http://www.fifa.com/en/media/index/0,1369,117658,00.html"
2006,Dramane Danté,Mali,CAF,assistant referee,"https://web.archive.org/web/20060630203018/http://www.fifa.com/en/media/index/0,1369,117658,00.html"
2006,Celestin Ntagungira,Rwanda,CAF,assistant referee,"https://web.archive.org/web/20060630203018/http://www.fifa.com/en/media/index/0,1369,117658,00.html"
2006,Mamadou N'Doye,Senegal,CAF,assistant referee,"https://web.archive.org/web/20060630203018/http://www.fifa.com/en/media/index/0,1369,117658,00.html"
2006,Héctor Vergara,Canada,CONCACAF,assistant referee,"https://web.archive.org/web/20060630203018/http://www.fifa.com/en/media/index/0,1369,117658,00.html"
2006,Leonel Leal,Costa Rica,CONCACAF,assistant referee,"https://web.archive.org/web/20060630203018/http://www.fifa.com/en/media/index/0,1369,117658,00.html"
2006,Anthony Garwood,Jamaica,CONCACAF,assistant referee (selected; trio withdrew before tournament),"https://web.archive.org/web/20060630203018/http://www.fifa.com/en/media/index/0,1369,117658,00.html"
2006,José Luis Camargo,Mexico,CONCACAF,assistant referee,"https://web.archive.org/web/20060630203018/http://www.fifa.com/en/media/index/0,1369,117658,00.html"
2006,José Ramírez,Mexico,CONCACAF,assistant referee,"https://web.archive.org/web/20060630203018/http://www.fifa.com/en/media/index/0,1369,117658,00.html"
2006,Joseph Taylor,Trinidad and Tobago,CONCACAF,assistant referee (selected; trio withdrew before tournament),"https://web.archive.org/web/20060630203018/http://www.fifa.com/en/media/index/0,1369,117658,00.html"
2006,Darío García,Argentina,CONMEBOL,assistant referee,"https://web.archive.org/web/20060630203018/http://www.fifa.com/en/media/index/0,1369,117658,00.html"
2006,Rodolfo Otero,Argentina,CONMEBOL,assistant referee,"https://web.archive.org/web/20060630203018/http://www.fifa.com/en/media/index/0,1369,117658,00.html"
2006,Aristeu Tavares,Brazil,CONMEBOL,assistant referee,"https://web.archive.org/web/20060630203018/http://www.fifa.com/en/media/index/0,1369,117658,00.html"
2006,Edmílson Corona,Brazil,CONMEBOL,assistant referee,"https://web.archive.org/web/20060630203018/http://www.fifa.com/en/media/index/0,1369,117658,00.html"
2006,José Navia,Colombia,CONMEBOL,assistant referee,"https://web.archive.org/web/20060630203018/http://www.fifa.com/en/media/index/0,1369,117658,00.html"
2006,Fernando Tamayo,Ecuador,CONMEBOL,assistant referee,"https://web.archive.org/web/20060630203018/http://www.fifa.com/en/media/index/0,1369,117658,00.html"
2006,Amelio Andino,Paraguay,CONMEBOL,assistant referee,"https://web.archive.org/web/20060630203018/http://www.fifa.com/en/media/index/0,1369,117658,00.html"
2006,Manuel Bernal,Paraguay,CONMEBOL,assistant referee,"https://web.archive.org/web/20060630203018/http://www.fifa.com/en/media/index/0,1369,117658,00.html"
2006,Pablo Fandino,Uruguay,CONMEBOL,assistant referee,"https://web.archive.org/web/20060630203018/http://www.fifa.com/en/media/index/0,1369,117658,00.html"
2006,Wálter Rial,Uruguay,CONMEBOL,assistant referee,"https://web.archive.org/web/20060630203018/http://www.fifa.com/en/media/index/0,1369,117658,00.html"
2006,Peter Hermans,Belgium,UEFA,assistant referee,"https://web.archive.org/web/20060630203018/http://www.fifa.com/en/media/index/0,1369,117658,00.html"
2006,Walter Vromans,Belgium,UEFA,assistant referee,"https://web.archive.org/web/20060630203018/http://www.fifa.com/en/media/index/0,1369,117658,00.html"
2006,Glenn Turner,England,UEFA,assistant referee,"https://web.archive.org/web/20060630203018/http://www.fifa.com/en/media/index/0,1369,117658,00.html"
2006,Philip Sharp,England,UEFA,assistant referee,"https://web.archive.org/web/20060630203018/http://www.fifa.com/en/media/index/0,1369,117658,00.html"
2006,Lionel Dagorne,France,UEFA,assistant referee,"https://web.archive.org/web/20060630203018/http://www.fifa.com/en/media/index/0,1369,117658,00.html"
2006,Vincent Texier,France,UEFA,assistant referee,"https://web.archive.org/web/20060630203018/http://www.fifa.com/en/media/index/0,1369,117658,00.html"
2006,Christian Schräer,Germany,UEFA,assistant referee,"https://web.archive.org/web/20060630203018/http://www.fifa.com/en/media/index/0,1369,117658,00.html"
2006,Jan-Hendrik Salver,Germany,UEFA,assistant referee,"https://web.archive.org/web/20060630203018/http://www.fifa.com/en/media/index/0,1369,117658,00.html"
2006,Alessandro Griselli,Italy,UEFA,assistant referee (selected; trio withdrew before tournament),"https://web.archive.org/web/20060630203018/http://www.fifa.com/en/media/index/0,1369,117658,00.html"
2006,Alessandro Stagnoli,Italy,UEFA,assistant referee,"https://web.archive.org/web/20060630203018/http://www.fifa.com/en/media/index/0,1369,117658,00.html"
2006,Cristiano Copelli,Italy,UEFA,assistant referee,"https://web.archive.org/web/20060630203018/http://www.fifa.com/en/media/index/0,1369,117658,00.html"
2006,Marco Ivaldi,Italy,UEFA,assistant referee (selected; trio withdrew before tournament),"https://web.archive.org/web/20060630203018/http://www.fifa.com/en/media/index/0,1369,117658,00.html"
2006,Evgeni Volnin,Russia,UEFA,assistant referee,"https://web.archive.org/web/20060630203018/http://www.fifa.com/en/media/index/0,1369,117658,00.html"
2006,Nikolay Golubev,Russia,UEFA,assistant referee,"https://web.archive.org/web/20060630203018/http://www.fifa.com/en/media/index/0,1369,117658,00.html"
2006,Martin Balko,Slovakia,UEFA,assistant referee,"https://web.archive.org/web/20060630203018/http://www.fifa.com/en/media/index/0,1369,117658,00.html"
2006,Roman Slysko,Slovakia,UEFA,assistant referee,"https://web.archive.org/web/20060630203018/http://www.fifa.com/en/media/index/0,1369,117658,00.html"
2006,Pedro Medina Hernández,Spain,UEFA,assistant referee,"https://web.archive.org/web/20060630203018/http://www.fifa.com/en/media/index/0,1369,117658,00.html"
2006,Victoriano Giráldez Carrasco,Spain,UEFA,assistant referee,"https://web.archive.org/web/20060630203018/http://www.fifa.com/en/media/index/0,1369,117658,00.html"
2006,Francesco Buragina,Switzerland,UEFA,assistant referee,"https://web.archive.org/web/20060630203018/http://www.fifa.com/en/media/index/0,1369,117658,00.html"
2006,Matthias Arnet,Switzerland,UEFA,assistant referee,"https://web.archive.org/web/20060630203018/http://www.fifa.com/en/media/index/0,1369,117658,00.html"
2006,Fathi Rabati,Jordan,AFC,support assistant referee,"https://web.archive.org/web/20060630203018/http://www.fifa.com/en/media/index/0,1369,117658,00.html"
2006,Khalil Al Ghamdi,Saudi Arabia,AFC,support referee,"https://web.archive.org/web/20060630203018/http://www.fifa.com/en/media/index/0,1369,117658,00.html"
2006,Hamdi Al Kadri,Syria,AFC,support assistant referee,"https://web.archive.org/web/20060630203018/http://www.fifa.com/en/media/index/0,1369,117658,00.html"
2006,Brahim Djezzar,Algeria,CAF,support assistant referee,"https://web.archive.org/web/20060630203018/http://www.fifa.com/en/media/index/0,1369,117658,00.html"
2006,Jean Marie Endeng Zogo,Cameroon,CAF,support assistant referee,"https://web.archive.org/web/20060630203018/http://www.fifa.com/en/media/index/0,1369,117658,00.html"
2006,Justice Yeboah,Ghana,CAF,support assistant referee,"https://web.archive.org/web/20060630203018/http://www.fifa.com/en/media/index/0,1369,117658,00.html"
2006,Mohamed Guezzaz,Morocco,CAF,support referee,"https://web.archive.org/web/20060630203018/http://www.fifa.com/en/media/index/0,1369,117658,00.html"
2006,Enock Molefe,South Africa,CAF,support assistant referee,"https://web.archive.org/web/20060630203018/http://www.fifa.com/en/media/index/0,1369,117658,00.html"
2006,Jerome Damon,South Africa,CAF,support referee,"https://web.archive.org/web/20060630203018/http://www.fifa.com/en/media/index/0,1369,117658,00.html"
2006,Chris Strickland,United States,CONCACAF,support assistant referee,"https://web.archive.org/web/20060630203018/http://www.fifa.com/en/media/index/0,1369,117658,00.html"
2006,Gregory Barkey,United States,CONCACAF,support assistant referee,"https://web.archive.org/web/20060630203018/http://www.fifa.com/en/media/index/0,1369,117658,00.html"
2006,Kevin Stott,United States,CONCACAF,support referee,"https://web.archive.org/web/20060630203018/http://www.fifa.com/en/media/index/0,1369,117658,00.html"
2006,Carlos Chandía,Chile,CONMEBOL,support referee,"https://web.archive.org/web/20060630203018/http://www.fifa.com/en/media/index/0,1369,117658,00.html"
2006,Cristian Julio,Chile,CONMEBOL,support assistant referee,"https://web.archive.org/web/20060630203018/http://www.fifa.com/en/media/index/0,1369,117658,00.html"
2006,Rodrigo Gonzalez,Chile,CONMEBOL,support assistant referee,"https://web.archive.org/web/20060630203018/http://www.fifa.com/en/media/index/0,1369,117658,00.html"
2010,Yuichi Nishimura,Japan,AFC,referee,https://en.wikipedia.org/wiki/2010_FIFA_World_Cup_officials
2010,Subkhiddin Mohd Salleh,Malaysia,AFC,referee,https://en.wikipedia.org/wiki/2010_FIFA_World_Cup_officials
2010,Khalil Al Ghamdi,Saudi Arabia,AFC,referee,https://en.wikipedia.org/wiki/2010_FIFA_World_Cup_officials
2010,Ravshan Irmatov,Uzbekistan,AFC,referee,https://en.wikipedia.org/wiki/2010_FIFA_World_Cup_officials
2010,Mohamed Benouza,Algeria,CAF,referee (selected; trio removed 27 May 2010 after assistants failed fitness tests),https://en.wikipedia.org/wiki/2010_FIFA_World_Cup_officials
2010,Koman Coulibaly,Mali,CAF,referee,https://en.wikipedia.org/wiki/2010_FIFA_World_Cup_officials
2010,Eddy Maillet,Seychelles,CAF,referee,https://en.wikipedia.org/wiki/2010_FIFA_World_Cup_officials
2010,Jerome Damon,South Africa,CAF,referee,https://en.wikipedia.org/wiki/2010_FIFA_World_Cup_officials
2010,Joel Aguilar,El Salvador,CONCACAF,referee,https://en.wikipedia.org/wiki/2010_FIFA_World_Cup_officials
2010,Carlos Batres,Guatemala,CONCACAF,referee,https://en.wikipedia.org/wiki/2010_FIFA_World_Cup_officials
2010,Benito Archundia,Mexico,CONCACAF,referee,https://en.wikipedia.org/wiki/2010_FIFA_World_Cup_officials
2010,Marco Rodríguez,Mexico,CONCACAF,referee,https://en.wikipedia.org/wiki/2010_FIFA_World_Cup_officials
2010,Héctor Baldassi,Argentina,CONMEBOL,referee,https://en.wikipedia.org/wiki/2010_FIFA_World_Cup_officials
2010,Carlos Simon,Brazil,CONMEBOL,referee,https://en.wikipedia.org/wiki/2010_FIFA_World_Cup_officials
2010,Pablo Pozo,Chile,CONMEBOL,referee,https://en.wikipedia.org/wiki/2010_FIFA_World_Cup_officials
2010,Óscar Ruiz,Colombia,CONMEBOL,referee,https://en.wikipedia.org/wiki/2010_FIFA_World_Cup_officials
2010,Carlos Amarilla,Paraguay,CONMEBOL,referee (selected; trio removed 27 May 2010 after assistants failed fitness tests),https://en.wikipedia.org/wiki/2010_FIFA_World_Cup_officials
2010,Jorge Larrionda,Uruguay,CONMEBOL,referee,https://en.wikipedia.org/wiki/2010_FIFA_World_Cup_officials
2010,Martín Vázquez,Uruguay,CONMEBOL,referee,https://en.wikipedia.org/wiki/2010_FIFA_World_Cup_officials
2010,Michael Hester,New Zealand,OFC,referee,https://en.wikipedia.org/wiki/2010_FIFA_World_Cup_officials
2010,Peter O'Leary,New Zealand,OFC,referee,https://en.wikipedia.org/wiki/2010_FIFA_World_Cup_officials
2010,Frank De Bleeckere,Belgium,UEFA,referee,https://en.wikipedia.org/wiki/2010_FIFA_World_Cup_officials
2010,Howard Webb,England,UEFA,referee,https://en.wikipedia.org/wiki/2010_FIFA_World_Cup_officials
2010,Stéphane Lannoy,France,UEFA,referee,https://en.wikipedia.org/wiki/2010_FIFA_World_Cup_officials
2010,Wolfgang Stark,Germany,UEFA,referee,https://en.wikipedia.org/wiki/2010_FIFA_World_Cup_officials
2010,Viktor Kassai,Hungary,UEFA,referee,https://en.wikipedia.org/wiki/2010_FIFA_World_Cup_officials
2010,Roberto Rosetti,Italy,UEFA,referee,https://en.wikipedia.org/wiki/2010_FIFA_World_Cup_officials
2010,Olegário Benquerença,Portugal,UEFA,referee,https://en.wikipedia.org/wiki/2010_FIFA_World_Cup_officials
2010,Alberto Undiano Mallenco,Spain,UEFA,referee,https://en.wikipedia.org/wiki/2010_FIFA_World_Cup_officials
2010,Martin Hansson,Sweden,UEFA,referee,https://en.wikipedia.org/wiki/2010_FIFA_World_Cup_officials
2010,Massimo Busacca,Switzerland,UEFA,referee,https://en.wikipedia.org/wiki/2010_FIFA_World_Cup_officials
2010,Mu Yuxin,China PR,AFC,assistant referee,https://en.wikipedia.org/wiki/2010_FIFA_World_Cup_officials
2010,Hassan Kamranifar,Iran,AFC,assistant referee,https://en.wikipedia.org/wiki/2010_FIFA_World_Cup_officials
2010,Toru Sagara,Japan,AFC,assistant referee,https://en.wikipedia.org/wiki/2010_FIFA_World_Cup_officials
2010,Bakhadyr Kochkarov,Kyrgyzstan,AFC,assistant referee,https://en.wikipedia.org/wiki/2010_FIFA_World_Cup_officials
2010,Jeffrey Goh Gek Pheng,Singapore,AFC,assistant referee,https://en.wikipedia.org/wiki/2010_FIFA_World_Cup_officials
2010,Jeong Hae-sang,South Korea,AFC,assistant referee,https://en.wikipedia.org/wiki/2010_FIFA_World_Cup_officials
2010,Saleh Al Marzouqi,United Arab Emirates,AFC,assistant referee,https://en.wikipedia.org/wiki/2010_FIFA_World_Cup_officials
2010,Rafael Ilyasov,Uzbekistan,AFC,assistant referee,https://en.wikipedia.org/wiki/2010_FIFA_World_Cup_officials
2010,Inácio Cândido,Angola,CAF,assistant referee,https://en.wikipedia.org/wiki/2010_FIFA_World_Cup_officials
2010,Evarist Menkouande,Cameroon,CAF,assistant referee,https://en.wikipedia.org/wiki/2010_FIFA_World_Cup_officials
2010,Redouane Achik,Morocco,CAF,assistant referee,https://en.wikipedia.org/wiki/2010_FIFA_World_Cup_officials
2010,Célestin Ntagungira,Rwanda,CAF,assistant referee,https://en.wikipedia.org/wiki/2010_FIFA_World_Cup_officials
2010,Enock Molefe,South Africa,CAF,assistant referee,https://en.wikipedia.org/wiki/2010_FIFA_World_Cup_officials
2010,Bechir Hassani,Tunisia,CAF,assistant referee,https://en.wikipedia.org/wiki/2010_FIFA_World_Cup_officials
2010,Héctor Vergara,Canada,CONCACAF,assistant referee,https://en.wikipedia.org/wiki/2010_FIFA_World_Cup_officials
2010,Leonel Leal,Costa Rica,CONCACAF,assistant referee,https://en.wikipedia.org/wiki/2010_FIFA_World_Cup_officials
2010,Juan Zumba,El Salvador,CONCACAF,assistant referee,https://en.wikipedia.org/wiki/2010_FIFA_World_Cup_officials
2010,William Torres,El Salvador,CONCACAF,assistant referee,https://en.wikipedia.org/wiki/2010_FIFA_World_Cup_officials
2010,Carlos Pastrana,Honduras,CONCACAF,assistant referee,https://en.wikipedia.org/wiki/2010_FIFA_World_Cup_officials
2010,Alberto Morín,Mexico,CONCACAF,assistant referee,https://en.wikipedia.org/wiki/2010_FIFA_World_Cup_officials
2010,José Luis Camargo,Mexico,CONCACAF,assistant referee,https://en.wikipedia.org/wiki/2010_FIFA_World_Cup_officials
2010,Marvin Torrentera,Mexico,CONCACAF,assistant referee,https://en.wikipedia.org/wiki/2010_FIFA_World_Cup_officials
2010,Hernán Maidana,Argentina,CONMEBOL,assistant referee,https://en.wikipedia.org/wiki/2010_FIFA_World_Cup_officials
2010,Ricardo Casas,Argentina,CONMEBOL,assistant referee,https://en.wikipedia.org/wiki/2010_FIFA_World_Cup_officials
2010,Altemir Hausmann,Brazil,CONMEBOL,assistant referee,https://en.wikipedia.org/wiki/2010_FIFA_World_Cup_officials
2010,Roberto Braatz,Brazil,CONMEBOL,assistant referee,https://en.wikipedia.org/wiki/2010_FIFA_World_Cup_officials
2010,Francisco Mondria,Chile,CONMEBOL,assistant referee,https://en.wikipedia.org/wiki/2010_FIFA_World_Cup_officials
2010,Patricio Basualto,Chile,CONMEBOL,assistant referee,https://en.wikipedia.org/wiki/2010_FIFA_World_Cup_officials
2010,Abraham González,Colombia,CONMEBOL,assistant referee,https://en.wikipedia.org/wiki/2010_FIFA_World_Cup_officials
2010,Humberto Clavijo,Colombia,CONMEBOL,assistant referee,https://en.wikipedia.org/wiki/2010_FIFA_World_Cup_officials
2010,Carlos Pastorino,Uruguay,CONMEBOL,assistant referee,https://en.wikipedia.org/wiki/2010_FIFA_World_Cup_officials
2010,Mauricio Espinosa,Uruguay,CONMEBOL,assistant referee,https://en.wikipedia.org/wiki/2010_FIFA_World_Cup_officials
2010,Miguel Nievas,Uruguay,CONMEBOL,assistant referee,https://en.wikipedia.org/wiki/2010_FIFA_World_Cup_officials
2010,Pablo Fandino,Uruguay,CONMEBOL,assistant referee,https://en.wikipedia.org/wiki/2010_FIFA_World_Cup_officials
2010,Brent Best,New Zealand,OFC,assistant referee,https://en.wikipedia.org/wiki/2010_FIFA_World_Cup_officials
2010,Jan Hendrik Hintz,New Zealand,OFC,assistant referee,https://en.wikipedia.org/wiki/2010_FIFA_World_Cup_officials
2010,Matthew Taro,Solomon Islands,OFC,assistant referee,https://en.wikipedia.org/wiki/2010_FIFA_World_Cup_officials
2010,Tevita Makasini,Tonga,OFC,assistant referee,https://en.wikipedia.org/wiki/2010_FIFA_World_Cup_officials
2010,Peter Hermans,Belgium,UEFA,assistant referee,https://en.wikipedia.org/wiki/2010_FIFA_World_Cup_officials
2010,Walter Vromans,Belgium,UEFA,assistant referee,https://en.wikipedia.org/wiki/2010_FIFA_World_Cup_officials
2010,Darren Cann,England,UEFA,assistant referee,https://en.wikipedia.org/wiki/2010_FIFA_World_Cup_officials
2010,Michael Mullarkey,England,UEFA,assistant referee,https://en.wikipedia.org/wiki/2010_FIFA_World_Cup_officials
2010,Eric Dansault,France,UEFA,assistant referee,https://en.wikipedia.org/wiki/2010_FIFA_World_Cup_officials
2010,Laurent Ugo,France,UEFA,assistant referee,https://en.wikipedia.org/wiki/2010_FIFA_World_Cup_officials
2010,Jan-Hendrik Salver,Germany,UEFA,assistant referee,https://en.wikipedia.org/wiki/2010_FIFA_World_Cup_officials
2010,Mike Pickel,Germany,UEFA,assistant referee,https://en.wikipedia.org/wiki/2010_FIFA_World_Cup_officials
2010,Gábor Erős,Hungary,UEFA,assistant referee,https://en.wikipedia.org/wiki/2010_FIFA_World_Cup_officials
2010,Tibor Vámos,Hungary,UEFA,assistant referee,https://en.wikipedia.org/wiki/2010_FIFA_World_Cup_officials
2010,Paolo Calcagno,Italy,UEFA,assistant referee,https://en.wikipedia.org/wiki/2010_FIFA_World_Cup_officials
2010,Stefano Ayroldi,Italy,UEFA,assistant referee,https://en.wikipedia.org/wiki/2010_FIFA_World_Cup_officials
2010,Bertino Miranda,Portugal,UEFA,assistant referee,https://en.wikipedia.org/wiki/2010_FIFA_World_Cup_officials
2010,José Cardinal,Portugal,UEFA,assistant referee,https://en.wikipedia.org/wiki/2010_FIFA_World_Cup_officials
2010,Fermín Martínez Ibáñez,Spain,UEFA,assistant referee,https://en.wikipedia.org/wiki/2010_FIFA_World_Cup_officials
2010,Juan Carlos Yuste Jiménez,Spain,UEFA,assistant referee,https://en.wikipedia.org/wiki/2010_FIFA_World_Cup_officials
2010,Henrik Andrén,Sweden,UEFA,assistant referee,https://en.wikipedia.org/wiki/2010_FIFA_World_Cup_officials
2010,Stefan Wittberg,Sweden,UEFA,assistant referee,https://en.wikipedia.org/wiki/2010_FIFA_World_Cup_officials
2010,Francesco Buragina,Switzerland,UEFA,assistant referee,https://en.wikipedia.org/wiki/2010_FIFA_World_Cup_officials
2010,Matthias Arnet,Switzerland,UEFA,assistant referee,https://en.wikipedia.org/wiki/2010_FIFA_World_Cup_officials
